Date,   NINA3  missing value -99.99 https://psl.noaa.gov/data/timeseries/month/
1870-01-01,   -1.350
1870-02-01,   -1.200
1870-03-01,   -0.760
1870-04-01,   -0.780
1870-05-01,   -1.150
1870-06-01,   -0.990
1870-07-01,   -1.010
1870-08-01,   -0.890
1870-09-01,   -0.810
1870-10-01,   -1.250
1870-11-01,   -1.030
1870-12-01,   -0.950
1871-01-01,   -0.250
1871-02-01,   -0.520
1871-03-01,   -0.460
1871-04-01,   -0.570
1871-05-01,   -0.840
1871-06-01,   -0.520
1871-07-01,   -0.510
1871-08-01,   -0.340
1871-09-01,   -0.310
1871-10-01,   -0.370
1871-11-01,   -0.320
1871-12-01,   -0.630
1872-01-01,   -0.760
1872-02-01,   -0.740
1872-03-01,   -0.650
1872-04-01,   -0.860
1872-05-01,   -0.800
1872-06-01,   -0.610
1872-07-01,   -0.400
1872-08-01,   -0.830
1872-09-01,   -0.930
1872-10-01,   -1.120
1872-11-01,   -0.970
1872-12-01,   -1.010
1873-01-01,   -0.950
1873-02-01,   -1.180
1873-03-01,   -1.510
1873-04-01,   -0.850
1873-05-01,   -0.810
1873-06-01,   -0.390
1873-07-01,   -0.460
1873-08-01,   -0.350
1873-09-01,   -0.470
1873-10-01,   -0.950
1873-11-01,   -1.030
1873-12-01,   -1.100
1874-01-01,   -1.330
1874-02-01,   -1.400
1874-03-01,   -1.480
1874-04-01,   -1.070
1874-05-01,   -0.830
1874-06-01,   -0.780
1874-07-01,   -1.110
1874-08-01,   -1.240
1874-09-01,   -1.140
1874-10-01,   -1.230
1874-11-01,   -1.240
1874-12-01,   -1.120
1875-01-01,   -0.770
1875-02-01,   -0.490
1875-03-01,   -0.660
1875-04-01,   -0.790
1875-05-01,   -1.040
1875-06-01,   -0.650
1875-07-01,   -0.860
1875-08-01,   -0.760
1875-09-01,   -0.820
1875-10-01,   -0.910
1875-11-01,   -0.910
1875-12-01,   -1.020
1876-01-01,   -1.250
1876-02-01,   -1.450
1876-03-01,   -1.410
1876-04-01,   -1.490
1876-05-01,   -1.440
1876-06-01,   -0.640
1876-07-01,   -0.420
1876-08-01,   -0.230
1876-09-01,   -0.020
1876-10-01,    0.240
1876-11-01,    0.250
1876-12-01,    0.290
1877-01-01,    0.210
1877-02-01,    0.220
1877-03-01,    0.220
1877-04-01,    0.130
1877-05-01,    0.370
1877-06-01,    0.510
1877-07-01,    1.370
1877-08-01,    1.580
1877-09-01,    2.080
1877-10-01,    2.140
1877-11-01,    2.290
1877-12-01,    2.560
1878-01-01,    2.570
1878-02-01,    2.490
1878-03-01,    1.170
1878-04-01,    0.840
1878-05-01,    0.660
1878-06-01,    0.730
1878-07-01,    0.270
1878-08-01,   -0.100
1878-09-01,   -0.410
1878-10-01,   -0.590
1878-11-01,   -0.920
1878-12-01,   -0.800
1879-01-01,   -0.560
1879-02-01,   -0.260
1879-03-01,   -0.390
1879-04-01,   -0.560
1879-05-01,   -1.000
1879-06-01,   -0.560
1879-07-01,   -0.620
1879-08-01,   -0.570
1879-09-01,   -0.710
1879-10-01,   -0.860
1879-11-01,   -1.020
1879-12-01,   -0.990
1880-01-01,   -1.010
1880-02-01,   -0.620
1880-03-01,   -0.680
1880-04-01,   -0.600
1880-05-01,   -0.700
1880-06-01,   -0.650
1880-07-01,   -0.450
1880-08-01,   -0.090
1880-09-01,    0.260
1880-10-01,    0.340
1880-11-01,    0.370
1880-12-01,    0.060
1881-01-01,    0.110
1881-02-01,   -0.050
1881-03-01,    0.030
1881-04-01,    0.070
1881-05-01,   -0.100
1881-06-01,    0.060
1881-07-01,   -0.240
1881-08-01,   -0.320
1881-09-01,   -0.400
1881-10-01,   -0.430
1881-11-01,   -0.600
1881-12-01,   -0.490
1882-01-01,   -0.610
1882-02-01,   -0.740
1882-03-01,   -0.710
1882-04-01,   -0.150
1882-05-01,   -0.240
1882-06-01,   -0.700
1882-07-01,   -0.930
1882-08-01,   -0.710
1882-09-01,   -0.470
1882-10-01,   -0.620
1882-11-01,   -0.880
1882-12-01,   -0.830
1883-01-01,   -0.790
1883-02-01,   -0.680
1883-03-01,   -0.540
1883-04-01,   -0.310
1883-05-01,   -0.430
1883-06-01,   -0.080
1883-07-01,    0.070
1883-08-01,   -0.110
1883-09-01,   -0.240
1883-10-01,   -0.480
1883-11-01,   -0.230
1883-12-01,   -0.340
1884-01-01,   -0.330
1884-02-01,   -0.230
1884-03-01,    0.070
1884-04-01,    0.320
1884-05-01,    0.290
1884-06-01,   -0.040
1884-07-01,    0.260
1884-08-01,    0.280
1884-09-01,    0.290
1884-10-01,    0.360
1884-11-01,    0.480
1884-12-01,    0.560
1885-01-01,    0.240
1885-02-01,    0.130
1885-03-01,   -0.070
1885-04-01,   -0.160
1885-05-01,   -0.040
1885-06-01,   -0.200
1885-07-01,   -0.280
1885-08-01,    0.030
1885-09-01,    0.350
1885-10-01,    0.370
1885-11-01,    0.520
1885-12-01,    0.690
1886-01-01,   -0.450
1886-02-01,   -0.670
1886-03-01,   -0.710
1886-04-01,   -0.720
1886-05-01,   -1.190
1886-06-01,   -1.280
1886-07-01,   -1.020
1886-08-01,   -1.090
1886-09-01,   -1.060
1886-10-01,   -1.120
1886-11-01,   -1.260
1886-12-01,   -1.440
1887-01-01,   -0.930
1887-02-01,   -1.270
1887-03-01,   -1.250
1887-04-01,   -1.100
1887-05-01,   -0.960
1887-06-01,   -0.380
1887-07-01,   -0.340
1887-08-01,   -0.730
1887-09-01,   -0.280
1887-10-01,   -0.260
1887-11-01,   -0.100
1887-12-01,    0.000
1888-01-01,    0.090
1888-02-01,    0.270
1888-03-01,    0.090
1888-04-01,    0.120
1888-05-01,    0.570
1888-06-01,    0.600
1888-07-01,    0.610
1888-08-01,    0.730
1888-09-01,    1.070
1888-10-01,    1.510
1888-11-01,    2.200
1888-12-01,    1.730
1889-01-01,    2.020
1889-02-01,    1.340
1889-03-01,    0.730
1889-04-01,    0.360
1889-05-01,    0.090
1889-06-01,    0.010
1889-07-01,   -0.730
1889-08-01,   -0.970
1889-09-01,   -0.890
1889-10-01,   -1.240
1889-11-01,   -1.010
1889-12-01,   -1.050
1890-01-01,   -2.010
1890-02-01,   -1.690
1890-03-01,   -1.010
1890-04-01,   -1.140
1890-05-01,   -1.070
1890-06-01,   -0.920
1890-07-01,   -0.880
1890-08-01,   -1.070
1890-09-01,   -0.970
1890-10-01,   -1.080
1890-11-01,   -1.000
1890-12-01,   -0.600
1891-01-01,   -0.420
1891-02-01,   -0.310
1891-03-01,   -0.060
1891-04-01,    0.170
1891-05-01,    0.270
1891-06-01,    0.460
1891-07-01,    0.310
1891-08-01,    0.100
1891-09-01,   -0.180
1891-10-01,   -0.200
1891-11-01,   -0.060
1891-12-01,   -0.100
1892-01-01,   -0.460
1892-02-01,   -0.450
1892-03-01,   -0.660
1892-04-01,   -0.740
1892-05-01,   -0.890
1892-06-01,   -0.680
1892-07-01,   -0.660
1892-08-01,   -0.670
1892-09-01,   -1.040
1892-10-01,   -1.630
1892-11-01,   -1.590
1892-12-01,   -1.410
1893-01-01,   -1.570
1893-02-01,   -1.450
1893-03-01,   -1.310
1893-04-01,   -1.240
1893-05-01,   -1.180
1893-06-01,   -0.940
1893-07-01,   -1.000
1893-08-01,   -0.970
1893-09-01,   -0.900
1893-10-01,   -1.030
1893-11-01,   -0.910
1893-12-01,   -0.920
1894-01-01,   -0.860
1894-02-01,   -0.940
1894-03-01,   -0.910
1894-04-01,   -0.800
1894-05-01,   -0.900
1894-06-01,   -0.640
1894-07-01,   -0.600
1894-08-01,   -0.660
1894-09-01,   -0.780
1894-10-01,   -0.720
1894-11-01,   -0.840
1894-12-01,   -0.620
1895-01-01,   -0.720
1895-02-01,   -0.610
1895-03-01,   -0.570
1895-04-01,   -0.270
1895-05-01,   -0.100
1895-06-01,   -0.140
1895-07-01,   -0.180
1895-08-01,    0.290
1895-09-01,    0.480
1895-10-01,    0.540
1895-11-01,    0.530
1895-12-01,    0.540
1896-01-01,    0.380
1896-02-01,    0.180
1896-03-01,    0.060
1896-04-01,   -0.000
1896-05-01,    0.060
1896-06-01,    0.090
1896-07-01,    0.370
1896-08-01,    1.030
1896-09-01,    0.960
1896-10-01,    0.930
1896-11-01,    1.580
1896-12-01,    1.600
1897-01-01,    1.450
1897-02-01,    1.060
1897-03-01,    0.500
1897-04-01,   -0.220
1897-05-01,   -0.190
1897-06-01,   -0.050
1897-07-01,   -0.030
1897-08-01,   -0.190
1897-09-01,   -0.360
1897-10-01,   -0.470
1897-11-01,   -0.520
1897-12-01,   -0.450
1898-01-01,   -0.480
1898-02-01,   -0.580
1898-03-01,   -0.820
1898-04-01,   -0.690
1898-05-01,   -0.670
1898-06-01,   -0.510
1898-07-01,   -0.520
1898-08-01,   -0.620
1898-09-01,   -0.290
1898-10-01,   -0.290
1898-11-01,   -0.610
1898-12-01,   -0.770
1899-01-01,   -0.560
1899-02-01,   -0.590
1899-03-01,   -0.380
1899-04-01,   -0.270
1899-05-01,    0.050
1899-06-01,    0.200
1899-07-01,   -0.120
1899-08-01,    0.890
1899-09-01,    0.790
1899-10-01,    1.000
1899-11-01,    1.250
1899-12-01,    1.290
1900-01-01,    1.400
1900-02-01,    1.350
1900-03-01,    1.040
1900-04-01,    0.600
1900-05-01,    0.510
1900-06-01,    0.840
1900-07-01,    0.710
1900-08-01,    0.580
1900-09-01,    0.420
1900-10-01,    0.150
1900-11-01,   -0.100
1900-12-01,    0.300
1901-01-01,    0.460
1901-02-01,    0.030
1901-03-01,   -0.250
1901-04-01,   -0.390
1901-05-01,   -0.560
1901-06-01,   -0.460
1901-07-01,   -0.500
1901-08-01,   -0.540
1901-09-01,   -0.430
1901-10-01,   -0.340
1901-11-01,   -0.150
1901-12-01,   -0.080
1902-01-01,   -0.100
1902-02-01,   -0.080
1902-03-01,   -0.030
1902-04-01,    0.220
1902-05-01,    0.230
1902-06-01,    0.880
1902-07-01,    1.520
1902-08-01,    1.280
1902-09-01,    1.340
1902-10-01,    1.560
1902-11-01,    1.630
1902-12-01,    1.270
1903-01-01,    1.090
1903-02-01,    0.420
1903-03-01,    0.370
1903-04-01,   -0.110
1903-05-01,   -0.310
1903-06-01,    0.050
1903-07-01,   -0.470
1903-08-01,   -0.610
1903-09-01,   -0.750
1903-10-01,   -0.670
1903-11-01,   -0.810
1903-12-01,   -1.170
1904-01-01,   -0.530
1904-02-01,   -0.690
1904-03-01,   -0.950
1904-04-01,   -0.760
1904-05-01,   -0.240
1904-06-01,    0.240
1904-07-01,    0.860
1904-08-01,    0.810
1904-09-01,    0.170
1904-10-01,    0.970
1904-11-01,    0.550
1904-12-01,    0.760
1905-01-01,    0.660
1905-02-01,    0.470
1905-03-01,    0.920
1905-04-01,    0.150
1905-05-01,    1.230
1905-06-01,    0.880
1905-07-01,    0.800
1905-08-01,    1.220
1905-09-01,    1.380
1905-10-01,    0.990
1905-11-01,    1.110
1905-12-01,    0.930
1906-01-01,    0.910
1906-02-01,    0.550
1906-03-01,    0.230
1906-04-01,    0.260
1906-05-01,   -0.180
1906-06-01,   -0.000
1906-07-01,   -0.870
1906-08-01,   -0.860
1906-09-01,   -0.900
1906-10-01,   -0.800
1906-11-01,   -0.500
1906-12-01,   -0.650
1907-01-01,   -0.690
1907-02-01,   -0.560
1907-03-01,   -0.560
1907-04-01,   -0.620
1907-05-01,   -0.690
1907-06-01,   -0.320
1907-07-01,   -0.790
1907-08-01,   -1.050
1907-09-01,    0.100
1907-10-01,   -0.450
1907-11-01,   -0.420
1907-12-01,   -0.210
1908-01-01,   -0.300
1908-02-01,    0.100
1908-03-01,   -0.450
1908-04-01,   -0.750
1908-05-01,   -0.800
1908-06-01,   -0.080
1908-07-01,   -0.760
1908-08-01,   -0.470
1908-09-01,   -0.680
1908-10-01,   -0.470
1908-11-01,   -0.820
1908-12-01,   -1.210
1909-01-01,   -0.180
1909-02-01,   -0.990
1909-03-01,   -0.470
1909-04-01,   -0.860
1909-05-01,   -0.690
1909-06-01,   -1.270
1909-07-01,   -1.040
1909-08-01,   -1.160
1909-09-01,   -1.070
1909-10-01,   -1.310
1909-11-01,   -1.550
1909-12-01,   -1.080
1910-01-01,   -0.990
1910-02-01,   -0.580
1910-03-01,   -0.790
1910-04-01,   -1.010
1910-05-01,   -1.350
1910-06-01,   -0.830
1910-07-01,   -0.700
1910-08-01,   -0.720
1910-09-01,   -1.010
1910-10-01,   -0.850
1910-11-01,   -0.400
1910-12-01,   -0.630
1911-01-01,   -0.600
1911-02-01,   -0.750
1911-03-01,   -0.760
1911-04-01,   -1.060
1911-05-01,   -1.320
1911-06-01,   -0.540
1911-07-01,    0.010
1911-08-01,    0.230
1911-09-01,    0.750
1911-10-01,    0.470
1911-11-01,    0.940
1911-12-01,    1.450
1912-01-01,    1.610
1912-02-01,    0.850
1912-03-01,    0.560
1912-04-01,    0.530
1912-05-01,    0.090
1912-06-01,   -0.160
1912-07-01,   -0.330
1912-08-01,   -0.420
1912-09-01,    0.210
1912-10-01,   -0.160
1912-11-01,    0.080
1912-12-01,   -0.410
1913-01-01,   -0.030
1913-02-01,    0.150
1913-03-01,   -0.110
1913-04-01,   -1.160
1913-05-01,   -0.490
1913-06-01,   -0.150
1913-07-01,   -0.050
1913-08-01,    0.060
1913-09-01,    0.110
1913-10-01,    0.340
1913-11-01,    0.880
1913-12-01,    0.950
1914-01-01,    0.810
1914-02-01,    0.670
1914-03-01,    0.290
1914-04-01,    0.420
1914-05-01,   -0.240
1914-06-01,   -0.030
1914-07-01,    0.570
1914-08-01,    0.980
1914-09-01,    0.960
1914-10-01,    0.510
1914-11-01,    0.480
1914-12-01,    0.750
1915-01-01,    0.800
1915-02-01,    0.460
1915-03-01,    0.390
1915-04-01,    0.560
1915-05-01,    0.640
1915-06-01,    1.420
1915-07-01,    0.120
1915-08-01,    0.010
1915-09-01,    0.060
1915-10-01,   -0.030
1915-11-01,   -0.410
1915-12-01,   -0.670
1916-01-01,   -0.430
1916-02-01,   -0.950
1916-03-01,   -0.840
1916-04-01,   -0.950
1916-05-01,   -0.800
1916-06-01,   -0.810
1916-07-01,   -1.520
1916-08-01,   -1.720
1916-09-01,   -1.490
1916-10-01,   -1.560
1916-11-01,   -1.850
1916-12-01,   -1.730
1917-01-01,   -1.620
1917-02-01,   -1.600
1917-03-01,   -0.980
1917-04-01,   -0.360
1917-05-01,   -0.150
1917-06-01,    0.150
1917-07-01,    0.270
1917-08-01,    0.310
1917-09-01,    0.090
1917-10-01,   -0.070
1917-11-01,   -0.450
1917-12-01,   -1.030
1918-01-01,   -1.040
1918-02-01,   -0.950
1918-03-01,   -0.840
1918-04-01,   -0.390
1918-05-01,    0.140
1918-06-01,    0.800
1918-07-01,    0.570
1918-08-01,    0.600
1918-09-01,    0.720
1918-10-01,    1.110
1918-11-01,    1.410
1918-12-01,    1.400
1919-01-01,    1.480
1919-02-01,    1.020
1919-03-01,    0.590
1919-04-01,    0.500
1919-05-01,    0.650
1919-06-01,    0.680
1919-07-01,    0.480
1919-08-01,    0.590
1919-09-01,    0.530
1919-10-01,    0.100
1919-11-01,   -0.450
1919-12-01,    0.190
1920-01-01,    0.720
1920-02-01,    0.630
1920-03-01,    0.500
1920-04-01,    0.060
1920-05-01,    0.020
1920-06-01,    0.210
1920-07-01,   -0.350
1920-08-01,   -0.020
1920-09-01,    0.070
1920-10-01,   -0.070
1920-11-01,   -0.150
1920-12-01,    0.110
1921-01-01,    0.280
1921-02-01,   -0.280
1921-03-01,   -1.140
1921-04-01,   -0.650
1921-05-01,   -0.900
1921-06-01,   -0.160
1921-07-01,   -0.250
1921-08-01,   -0.600
1921-09-01,   -0.380
1921-10-01,   -0.020
1921-11-01,   -0.890
1921-12-01,   -0.790
1922-01-01,   -0.720
1922-02-01,   -0.080
1922-03-01,   -0.130
1922-04-01,   -0.490
1922-05-01,   -0.130
1922-06-01,   -0.630
1922-07-01,   -0.790
1922-08-01,   -1.190
1922-09-01,   -0.760
1922-10-01,   -0.390
1922-11-01,   -0.790
1922-12-01,   -0.740
1923-01-01,   -0.470
1923-02-01,   -0.740
1923-03-01,   -1.060
1923-04-01,   -0.550
1923-05-01,   -0.270
1923-06-01,   -0.040
1923-07-01,    0.090
1923-08-01,    0.070
1923-09-01,    0.550
1923-10-01,    0.420
1923-11-01,    0.500
1923-12-01,    0.720
1924-01-01,   -0.030
1924-02-01,    0.160
1924-03-01,   -0.040
1924-04-01,   -0.340
1924-05-01,   -1.140
1924-06-01,   -0.900
1924-07-01,   -1.030
1924-08-01,   -0.800
1924-09-01,   -0.940
1924-10-01,   -0.400
1924-11-01,   -0.960
1924-12-01,   -0.820
1925-01-01,   -0.920
1925-02-01,   -0.090
1925-03-01,   -0.130
1925-04-01,   -0.230
1925-05-01,   -0.220
1925-06-01,    0.340
1925-07-01,    0.820
1925-08-01,    0.860
1925-09-01,    0.830
1925-10-01,    0.830
1925-11-01,    0.840
1925-12-01,    1.510
1926-01-01,    1.490
1926-02-01,    1.080
1926-03-01,    1.160
1926-04-01,    1.070
1926-05-01,    0.820
1926-06-01,    0.540
1926-07-01,    0.710
1926-08-01,    0.090
1926-09-01,   -0.230
1926-10-01,   -0.230
1926-11-01,   -0.280
1926-12-01,   -0.120
1927-01-01,    0.050
1927-02-01,    0.340
1927-03-01,   -0.180
1927-04-01,   -0.330
1927-05-01,   -0.610
1927-06-01,   -0.260
1927-07-01,   -0.450
1927-08-01,   -0.200
1927-09-01,   -0.010
1927-10-01,    0.130
1927-11-01,   -0.080
1927-12-01,   -0.040
1928-01-01,    0.140
1928-02-01,    0.030
1928-03-01,   -0.200
1928-04-01,   -0.340
1928-05-01,   -0.280
1928-06-01,   -0.530
1928-07-01,   -0.250
1928-08-01,   -0.390
1928-09-01,   -0.210
1928-10-01,   -0.270
1928-11-01,   -0.420
1928-12-01,   -0.200
1929-01-01,   -0.330
1929-02-01,   -0.080
1929-03-01,   -0.120
1929-04-01,    0.090
1929-05-01,   -0.020
1929-06-01,    0.140
1929-07-01,   -0.130
1929-08-01,    0.050
1929-09-01,    0.390
1929-10-01,    0.260
1929-11-01,    0.120
1929-12-01,    0.400
1930-01-01,   -0.030
1930-02-01,   -0.040
1930-03-01,    0.020
1930-04-01,    0.300
1930-05-01,   -0.120
1930-06-01,    0.230
1930-07-01,    0.770
1930-08-01,    0.930
1930-09-01,    1.320
1930-10-01,    1.390
1930-11-01,    1.810
1930-12-01,    1.560
1931-01-01,    1.580
1931-02-01,    1.190
1931-03-01,    1.160
1931-04-01,    0.880
1931-05-01,    0.350
1931-06-01,    0.140
1931-07-01,    0.290
1931-08-01,   -0.170
1931-09-01,   -0.500
1931-10-01,   -0.080
1931-11-01,   -0.470
1931-12-01,   -0.390
1932-01-01,   -0.240
1932-02-01,   -0.020
1932-03-01,    0.330
1932-04-01,    0.260
1932-05-01,    0.450
1932-06-01,    0.430
1932-07-01,    0.080
1932-08-01,    0.170
1932-09-01,   -0.040
1932-10-01,   -0.080
1932-11-01,   -0.240
1932-12-01,   -0.430
1933-01-01,   -0.280
1933-02-01,   -0.050
1933-03-01,   -0.170
1933-04-01,   -0.040
1933-05-01,   -0.510
1933-06-01,   -0.740
1933-07-01,   -0.690
1933-08-01,   -0.860
1933-09-01,   -0.700
1933-10-01,   -0.970
1933-11-01,   -1.020
1933-12-01,   -1.140
1934-01-01,   -0.650
1934-02-01,   -0.690
1934-03-01,   -0.670
1934-04-01,   -0.100
1934-05-01,   -0.440
1934-06-01,   -0.180
1934-07-01,   -0.450
1934-08-01,   -0.160
1934-09-01,   -0.140
1934-10-01,   -0.220
1934-11-01,   -0.050
1934-12-01,   -0.440
1935-01-01,   -0.520
1935-02-01,   -0.650
1935-03-01,   -0.320
1935-04-01,   -0.120
1935-05-01,   -0.390
1935-06-01,   -0.540
1935-07-01,   -0.810
1935-08-01,   -0.000
1935-09-01,    0.180
1935-10-01,    0.070
1935-11-01,    0.290
1935-12-01,    0.030
1936-01-01,    0.560
1936-02-01,    0.370
1936-03-01,   -0.130
1936-04-01,    0.140
1936-05-01,   -0.370
1936-06-01,   -0.560
1936-07-01,   -0.310
1936-08-01,   -0.360
1936-09-01,    0.000
1936-10-01,    0.430
1936-11-01,    0.040
1936-12-01,    0.450
1937-01-01,   -0.170
1937-02-01,    0.220
1937-03-01,   -0.230
1937-04-01,    0.120
1937-05-01,   -0.700
1937-06-01,   -0.400
1937-07-01,   -0.060
1937-08-01,   -0.410
1937-09-01,    0.280
1937-10-01,   -0.260
1937-11-01,   -0.040
1937-12-01,    0.050
1938-01-01,   -0.370
1938-02-01,    0.010
1938-03-01,   -0.270
1938-04-01,   -0.340
1938-05-01,   -0.370
1938-06-01,   -1.200
1938-07-01,   -1.560
1938-08-01,   -1.040
1938-09-01,   -0.590
1938-10-01,   -0.710
1938-11-01,   -0.860
1938-12-01,   -1.060
1939-01-01,   -0.690
1939-02-01,   -0.910
1939-03-01,   -0.950
1939-04-01,   -0.320
1939-05-01,   -0.160
1939-06-01,    0.260
1939-07-01,    0.140
1939-08-01,    0.180
1939-09-01,    0.080
1939-10-01,   -0.230
1939-11-01,    0.380
1939-12-01,    0.010
1940-01-01,    1.180
1940-02-01,    1.280
1940-03-01,    1.090
1940-04-01,    0.800
1940-05-01,    0.220
1940-06-01,    0.420
1940-07-01,   -0.040
1940-08-01,    0.690
1940-09-01,    0.120
1940-10-01,    0.190
1940-11-01,    0.300
1940-12-01,    1.110
1941-01-01,    1.240
1941-02-01,    1.290
1941-03-01,    1.380
1941-04-01,    1.280
1941-05-01,    1.200
1941-06-01,    0.700
1941-07-01,    0.470
1941-08-01,    0.690
1941-09-01,    0.650
1941-10-01,    0.910
1941-11-01,    1.140
1941-12-01,    1.310
1942-01-01,    0.510
1942-02-01,    0.200
1942-03-01,    0.020
1942-04-01,    0.050
1942-05-01,   -0.290
1942-06-01,   -0.800
1942-07-01,   -1.010
1942-08-01,   -1.270
1942-09-01,   -1.290
1942-10-01,   -1.500
1942-11-01,   -1.660
1942-12-01,   -1.190
1943-01-01,   -0.890
1943-02-01,   -1.030
1943-03-01,   -1.080
1943-04-01,   -0.460
1943-05-01,   -0.180
1943-06-01,    0.030
1943-07-01,    0.010
1943-08-01,    0.030
1943-09-01,   -0.370
1943-10-01,   -0.220
1943-11-01,   -0.450
1943-12-01,   -0.480
1944-01-01,   -0.530
1944-02-01,    0.120
1944-03-01,   -0.230
1944-04-01,    0.150
1944-05-01,   -0.020
1944-06-01,    0.090
1944-07-01,    0.110
1944-08-01,   -0.010
1944-09-01,   -0.160
1944-10-01,   -0.350
1944-11-01,   -0.630
1944-12-01,   -0.580
1945-01-01,   -0.480
1945-02-01,   -0.320
1945-03-01,   -0.850
1945-04-01,   -0.600
1945-05-01,   -0.070
1945-06-01,   -0.270
1945-07-01,   -0.380
1945-08-01,   -0.550
1945-09-01,   -0.470
1945-10-01,   -0.610
1945-11-01,   -0.250
1945-12-01,   -0.540
1946-01-01,   -0.700
1946-02-01,   -0.650
1946-03-01,   -0.610
1946-04-01,   -0.540
1946-05-01,   -0.620
1946-06-01,   -0.440
1946-07-01,   -0.310
1946-08-01,   -0.960
1946-09-01,   -0.290
1946-10-01,   -0.340
1946-11-01,   -0.380
1946-12-01,   -0.190
1947-01-01,    0.230
1947-02-01,   -0.160
1947-03-01,    0.150
1947-04-01,   -0.130
1947-05-01,   -0.430
1947-06-01,   -0.100
1947-07-01,   -0.390
1947-08-01,   -0.520
1947-09-01,   -0.880
1947-10-01,   -0.700
1947-11-01,   -0.520
1947-12-01,    0.130
1948-01-01,   -0.120
1948-02-01,    0.320
1948-03-01,    0.500
1948-04-01,    0.040
1948-05-01,   -0.010
1948-06-01,   -0.280
1948-07-01,   -0.350
1948-08-01,   -0.030
1948-09-01,   -0.340
1948-10-01,   -0.770
1948-11-01,   -0.320
1948-12-01,    0.210
1949-01-01,   -0.740
1949-02-01,    0.000
1949-03-01,   -0.520
1949-04-01,    0.240
1949-05-01,   -0.120
1949-06-01,   -0.840
1949-07-01,   -0.690
1949-08-01,   -0.580
1949-09-01,   -0.920
1949-10-01,   -1.110
1949-11-01,   -1.450
1949-12-01,   -1.340
1950-01-01,   -1.340
1950-02-01,   -1.600
1950-03-01,   -0.960
1950-04-01,   -0.980
1950-05-01,   -1.330
1950-06-01,   -1.010
1950-07-01,   -1.040
1950-08-01,   -0.510
1950-09-01,   -1.110
1950-10-01,   -0.880
1950-11-01,   -1.450
1950-12-01,   -0.970
1951-01-01,   -0.720
1951-02-01,   -0.430
1951-03-01,   -0.630
1951-04-01,    0.000
1951-05-01,   -0.120
1951-06-01,    0.270
1951-07-01,    1.140
1951-08-01,    1.260
1951-09-01,    0.870
1951-10-01,    1.030
1951-11-01,    1.030
1951-12-01,    0.810
1952-01-01,    0.430
1952-02-01,    0.200
1952-03-01,    0.110
1952-04-01,    0.140
1952-05-01,   -0.520
1952-06-01,   -0.730
1952-07-01,   -0.760
1952-08-01,   -0.550
1952-09-01,   -0.620
1952-10-01,   -0.270
1952-11-01,   -0.550
1952-12-01,   -0.690
1953-01-01,    0.070
1953-02-01,    0.240
1953-03-01,    0.150
1953-04-01,    0.790
1953-05-01,    0.360
1953-06-01,    0.500
1953-07-01,    0.220
1953-08-01,    0.040
1953-09-01,    0.700
1953-10-01,    0.010
1953-11-01,    0.130
1953-12-01,    0.080
1954-01-01,   -0.150
1954-02-01,   -0.120
1954-03-01,   -0.320
1954-04-01,   -1.170
1954-05-01,   -1.250
1954-06-01,   -1.330
1954-07-01,   -1.350
1954-08-01,   -1.330
1954-09-01,   -1.350
1954-10-01,   -1.280
1954-11-01,   -1.380
1954-12-01,   -1.180
1955-01-01,   -0.760
1955-02-01,   -0.680
1955-03-01,   -0.880
1955-04-01,   -0.990
1955-05-01,   -1.520
1955-06-01,   -1.410
1955-07-01,   -1.260
1955-08-01,   -0.790
1955-09-01,   -1.440
1955-10-01,   -1.700
1955-11-01,   -2.080
1955-12-01,   -1.650
1956-01-01,   -1.300
1956-02-01,   -0.920
1956-03-01,   -0.670
1956-04-01,   -0.750
1956-05-01,   -0.670
1956-06-01,   -0.620
1956-07-01,   -0.760
1956-08-01,   -0.670
1956-09-01,   -0.710
1956-10-01,   -0.600
1956-11-01,   -1.050
1956-12-01,   -0.800
1957-01-01,   -0.870
1957-02-01,   -0.310
1957-03-01,    0.230
1957-04-01,    0.340
1957-05-01,    0.560
1957-06-01,    0.900
1957-07-01,    1.190
1957-08-01,    1.140
1957-09-01,    0.680
1957-10-01,    0.830
1957-11-01,    1.020
1957-12-01,    1.160
1958-01-01,    1.190
1958-02-01,    0.910
1958-03-01,    0.560
1958-04-01,    0.070
1958-05-01,   -0.160
1958-06-01,    0.040
1958-07-01,   -0.010
1958-08-01,    0.080
1958-09-01,   -0.210
1958-10-01,   -0.270
1958-11-01,   -0.140
1958-12-01,   -0.080
1959-01-01,   -0.020
1959-02-01,   -0.030
1959-03-01,   -0.030
1959-04-01,    0.120
1959-05-01,   -0.150
1959-06-01,   -0.430
1959-07-01,   -0.380
1959-08-01,   -0.500
1959-09-01,   -0.420
1959-10-01,    0.110
1959-11-01,   -0.240
1959-12-01,   -0.150
1960-01-01,   -0.070
1960-02-01,   -0.370
1960-03-01,   -0.150
1960-04-01,   -0.310
1960-05-01,   -0.170
1960-06-01,   -0.330
1960-07-01,   -0.300
1960-08-01,    0.030
1960-09-01,    0.130
1960-10-01,   -0.350
1960-11-01,   -0.740
1960-12-01,   -0.320
1961-01-01,   -0.340
1961-02-01,    0.100
1961-03-01,   -0.130
1961-04-01,    0.300
1961-05-01,    0.060
1961-06-01,    0.090
1961-07-01,   -0.670
1961-08-01,   -0.590
1961-09-01,   -0.930
1961-10-01,   -0.920
1961-11-01,   -0.320
1961-12-01,   -0.320
1962-01-01,   -0.170
1962-02-01,   -0.130
1962-03-01,   -0.590
1962-04-01,   -0.770
1962-05-01,   -0.730
1962-06-01,   -0.550
1962-07-01,   -0.390
1962-08-01,   -0.100
1962-09-01,   -0.550
1962-10-01,   -0.500
1962-11-01,   -0.680
1962-12-01,   -0.790
1963-01-01,   -0.370
1963-02-01,   -0.370
1963-03-01,   -0.000
1963-04-01,   -0.020
1963-05-01,    0.060
1963-06-01,    0.390
1963-07-01,    0.840
1963-08-01,    0.900
1963-09-01,    0.630
1963-10-01,    0.780
1963-11-01,    0.670
1963-12-01,    0.960
1964-01-01,    0.440
1964-02-01,    0.030
1964-03-01,   -0.360
1964-04-01,   -1.030
1964-05-01,   -1.380
1964-06-01,   -1.230
1964-07-01,   -0.650
1964-08-01,   -1.030
1964-09-01,   -0.770
1964-10-01,   -0.920
1964-11-01,   -0.930
1964-12-01,   -1.130
1965-01-01,   -0.700
1965-02-01,   -0.360
1965-03-01,   -0.170
1965-04-01,    0.100
1965-05-01,    0.540
1965-06-01,    0.710
1965-07-01,    0.940
1965-08-01,    1.320
1965-09-01,    1.250
1965-10-01,    1.370
1965-11-01,    1.430
1965-12-01,    1.300
1966-01-01,    1.120
1966-02-01,    0.510
1966-03-01,    0.050
1966-04-01,   -0.020
1966-05-01,   -0.600
1966-06-01,   -0.320
1966-07-01,   -0.180
1966-08-01,   -0.500
1966-09-01,   -0.440
1966-10-01,   -0.310
1966-11-01,   -0.700
1966-12-01,   -0.690
1967-01-01,   -0.490
1967-02-01,   -0.420
1967-03-01,   -0.470
1967-04-01,   -0.690
1967-05-01,   -0.410
1967-06-01,   -0.120
1967-07-01,   -0.420
1967-08-01,   -0.710
1967-09-01,   -0.950
1967-10-01,   -0.960
1967-11-01,   -0.920
1967-12-01,   -0.850
1968-01-01,   -1.160
1968-02-01,   -1.320
1968-03-01,   -1.180
1968-04-01,   -0.700
1968-05-01,   -0.850
1968-06-01,   -0.090
1968-07-01,    0.260
1968-08-01,    0.380
1968-09-01,    0.290
1968-10-01,    0.260
1968-11-01,    0.370
1968-12-01,    0.560
1969-01-01,    0.370
1969-02-01,    0.320
1969-03-01,    0.420
1969-04-01,    0.360
1969-05-01,    0.650
1969-06-01,    0.670
1969-07-01,    0.300
1969-08-01,    0.600
1969-09-01,    0.680
1969-10-01,    0.820
1969-11-01,    0.850
1969-12-01,    0.860
1970-01-01,    0.660
1970-02-01,    0.130
1970-03-01,   -0.100
1970-04-01,   -0.240
1970-05-01,   -0.620
1970-06-01,   -0.860
1970-07-01,   -1.680
1970-08-01,   -1.490
1970-09-01,   -1.070
1970-10-01,   -0.870
1970-11-01,   -1.150
1970-12-01,   -1.260
1971-01-01,   -1.310
1971-02-01,   -1.420
1971-03-01,   -1.170
1971-04-01,   -0.780
1971-05-01,   -0.870
1971-06-01,   -0.810
1971-07-01,   -0.620
1971-08-01,   -0.810
1971-09-01,   -0.760
1971-10-01,   -1.080
1971-11-01,   -1.090
1971-12-01,   -1.150
1972-01-01,   -0.570
1972-02-01,   -0.320
1972-03-01,   -0.200
1972-04-01,    0.320
1972-05-01,    0.490
1972-06-01,    0.930
1972-07-01,    1.330
1972-08-01,    2.020
1972-09-01,    1.640
1972-10-01,    1.920
1972-11-01,    2.150
1972-12-01,    2.440
1973-01-01,    1.620
1973-02-01,    0.810
1973-03-01,    0.310
1973-04-01,   -0.330
1973-05-01,   -0.890
1973-06-01,   -0.960
1973-07-01,   -1.250
1973-08-01,   -1.220
1973-09-01,   -1.180
1973-10-01,   -1.350
1973-11-01,   -1.590
1973-12-01,   -1.600
1974-01-01,   -1.580
1974-02-01,   -1.190
1974-03-01,   -0.940
1974-04-01,   -0.570
1974-05-01,   -0.370
1974-06-01,   -0.220
1974-07-01,   -0.220
1974-08-01,    0.040
1974-09-01,   -0.230
1974-10-01,   -0.630
1974-11-01,   -0.750
1974-12-01,   -0.740
1975-01-01,   -0.440
1975-02-01,   -0.500
1975-03-01,   -0.440
1975-04-01,   -0.270
1975-05-01,   -0.920
1975-06-01,   -1.100
1975-07-01,   -0.880
1975-08-01,   -0.630
1975-09-01,   -1.060
1975-10-01,   -1.220
1975-11-01,   -1.220
1975-12-01,   -1.540
1976-01-01,   -1.650
1976-02-01,   -1.020
1976-03-01,   -0.570
1976-04-01,   -0.230
1976-05-01,   -0.070
1976-06-01,    0.610
1976-07-01,    0.850
1976-08-01,    0.970
1976-09-01,    0.940
1976-10-01,    1.100
1976-11-01,    1.050
1976-12-01,    0.760
1977-01-01,    0.950
1977-02-01,    0.610
1977-03-01,    0.400
1977-04-01,   -0.510
1977-05-01,   -0.220
1977-06-01,    0.160
1977-07-01,    0.150
1977-08-01,   -0.210
1977-09-01,    0.010
1977-10-01,    0.550
1977-11-01,    0.580
1977-12-01,    0.530
1978-01-01,    0.440
1978-02-01,    0.230
1978-03-01,   -0.140
1978-04-01,   -0.720
1978-05-01,   -0.810
1978-06-01,   -0.700
1978-07-01,   -0.720
1978-08-01,   -0.720
1978-09-01,   -0.470
1978-10-01,   -0.140
1978-11-01,   -0.020
1978-12-01,    0.260
1979-01-01,   -0.090
1979-02-01,   -0.200
1979-03-01,   -0.080
1979-04-01,    0.240
1979-05-01,    0.080
1979-06-01,    0.300
1979-07-01,   -0.040
1979-08-01,    0.470
1979-09-01,    0.810
1979-10-01,    0.570
1979-11-01,    0.520
1979-12-01,    0.580
1980-01-01,    0.420
1980-02-01,    0.020
1980-03-01,   -0.130
1980-04-01,    0.040
1980-05-01,    0.070
1980-06-01,    0.350
1980-07-01,   -0.100
1980-08-01,   -0.180
1980-09-01,   -0.040
1980-10-01,   -0.260
1980-11-01,    0.010
1980-12-01,    0.200
1981-01-01,   -0.740
1981-02-01,   -0.650
1981-03-01,   -0.240
1981-04-01,   -0.330
1981-05-01,   -0.210
1981-06-01,   -0.030
1981-07-01,   -0.340
1981-08-01,   -0.320
1981-09-01,    0.040
1981-10-01,    0.110
1981-11-01,   -0.100
1981-12-01,    0.290
1982-01-01,    0.200
1982-02-01,    0.010
1982-03-01,   -0.110
1982-04-01,    0.200
1982-05-01,    0.630
1982-06-01,    0.890
1982-07-01,    0.620
1982-08-01,    1.120
1982-09-01,    1.810
1982-10-01,    2.340
1982-11-01,    2.690
1982-12-01,    3.070
1983-01-01,    2.900
1983-02-01,    2.440
1983-03-01,    2.010
1983-04-01,    1.730
1983-05-01,    1.960
1983-06-01,    1.740
1983-07-01,    1.030
1983-08-01,    0.830
1983-09-01,    0.180
1983-10-01,   -0.490
1983-11-01,   -0.790
1983-12-01,   -0.620
1984-01-01,   -0.610
1984-02-01,   -0.440
1984-03-01,   -0.250
1984-04-01,   -0.430
1984-05-01,   -0.770
1984-06-01,   -1.100
1984-07-01,   -0.590
1984-08-01,   -0.500
1984-09-01,   -0.390
1984-10-01,   -0.860
1984-11-01,   -0.980
1984-12-01,   -1.360
1985-01-01,   -1.010
1985-02-01,   -1.020
1985-03-01,   -0.940
1985-04-01,   -0.980
1985-05-01,   -1.110
1985-06-01,   -0.850
1985-07-01,   -0.900
1985-08-01,   -0.790
1985-09-01,   -0.740
1985-10-01,   -0.840
1985-11-01,   -0.680
1985-12-01,   -0.670
1986-01-01,   -0.820
1986-02-01,   -0.540
1986-03-01,   -0.470
1986-04-01,   -0.450
1986-05-01,   -0.630
1986-06-01,   -0.270
1986-07-01,    0.030
1986-08-01,   -0.030
1986-09-01,    0.320
1986-10-01,    0.770
1986-11-01,    0.880
1986-12-01,    0.740
1987-01-01,    1.040
1987-02-01,    0.980
1987-03-01,    1.050
1987-04-01,    0.950
1987-05-01,    1.070
1987-06-01,    1.120
1987-07-01,    1.340
1987-08-01,    1.430
1987-09-01,    1.630
1987-10-01,    1.230
1987-11-01,    1.160
1987-12-01,    1.070
1988-01-01,    0.510
1988-02-01,    0.090
1988-03-01,    0.100
1988-04-01,   -0.750
1988-05-01,   -1.300
1988-06-01,   -1.850
1988-07-01,   -1.770
1988-08-01,   -1.560
1988-09-01,   -1.400
1988-10-01,   -1.860
1988-11-01,   -1.840
1988-12-01,   -1.760
1989-01-01,   -1.390
1989-02-01,   -0.790
1989-03-01,   -1.040
1989-04-01,   -0.880
1989-05-01,   -0.780
1989-06-01,   -0.420
1989-07-01,   -0.270
1989-08-01,   -0.510
1989-09-01,   -0.320
1989-10-01,   -0.360
1989-11-01,   -0.340
1989-12-01,   -0.360
1990-01-01,   -0.270
1990-02-01,    0.140
1990-03-01,   -0.120
1990-04-01,    0.140
1990-05-01,    0.240
1990-06-01,    0.010
1990-07-01,   -0.080
1990-08-01,   -0.000
1990-09-01,    0.110
1990-10-01,   -0.060
1990-11-01,   -0.120
1990-12-01,   -0.030
1991-01-01,    0.180
1991-02-01,    0.030
1991-03-01,    0.000
1991-04-01,   -0.090
1991-05-01,    0.370
1991-06-01,    0.680
1991-07-01,    0.740
1991-08-01,    0.290
1991-09-01,    0.100
1991-10-01,    0.640
1991-11-01,    1.030
1991-12-01,    1.320
1992-01-01,    1.390
1992-02-01,    1.210
1992-03-01,    1.190
1992-04-01,    1.320
1992-05-01,    1.380
1992-06-01,    0.450
1992-07-01,   -0.010
1992-08-01,   -0.350
1992-09-01,   -0.350
1992-10-01,   -0.340
1992-11-01,   -0.290
1992-12-01,   -0.260
1993-01-01,   -0.060
1993-02-01,    0.240
1993-03-01,    0.360
1993-04-01,    0.920
1993-05-01,    1.050
1993-06-01,    0.630
1993-07-01,    0.130
1993-08-01,    0.010
1993-09-01,    0.090
1993-10-01,    0.210
1993-11-01,    0.110
1993-12-01,   -0.000
1994-01-01,   -0.040
1994-02-01,   -0.290
1994-03-01,   -0.360
1994-04-01,   -0.430
1994-05-01,   -0.210
1994-06-01,   -0.020
1994-07-01,   -0.380
1994-08-01,   -0.190
1994-09-01,    0.010
1994-10-01,    0.620
1994-11-01,    0.850
1994-12-01,    0.940
1995-01-01,    0.840
1995-02-01,    0.580
1995-03-01,    0.060
1995-04-01,   -0.230
1995-05-01,   -0.530
1995-06-01,   -0.230
1995-07-01,   -0.100
1995-08-01,   -0.580
1995-09-01,   -0.700
1995-10-01,   -0.730
1995-11-01,   -0.750
1995-12-01,   -0.740
1996-01-01,   -0.580
1996-02-01,   -0.530
1996-03-01,   -0.290
1996-04-01,   -0.550
1996-05-01,   -0.530
1996-06-01,   -0.340
1996-07-01,   -0.260
1996-08-01,   -0.280
1996-09-01,   -0.330
1996-10-01,   -0.390
1996-11-01,   -0.490
1996-12-01,   -0.800
1997-01-01,   -0.700
1997-02-01,   -0.390
1997-03-01,    0.060
1997-04-01,    0.280
1997-05-01,    1.070
1997-06-01,    1.680
1997-07-01,    2.270
1997-08-01,    2.750
1997-09-01,    2.850
1997-10-01,    3.110
1997-11-01,    3.220
1997-12-01,    3.240
1998-01-01,    3.030
1998-02-01,    2.500
1998-03-01,    2.030
1998-04-01,    1.510
1998-05-01,    1.250
1998-06-01,    0.090
1998-07-01,   -0.170
1998-08-01,   -0.270
1998-09-01,   -0.460
1998-10-01,   -0.740
1998-11-01,   -0.710
1998-12-01,   -1.000
1999-01-01,   -0.970
1999-02-01,   -0.770
1999-03-01,   -0.370
1999-04-01,   -0.630
1999-05-01,   -0.590
1999-06-01,   -0.690
1999-07-01,   -0.640
1999-08-01,   -0.740
1999-09-01,   -0.940
1999-10-01,   -1.160
1999-11-01,   -1.420
1999-12-01,   -1.460
2000-01-01,   -1.710
2000-02-01,   -1.150
2000-03-01,   -0.820
2000-04-01,   -0.300
2000-05-01,   -0.500
2000-06-01,   -0.750
2000-07-01,   -0.580
2000-08-01,   -0.380
2000-09-01,   -0.310
2000-10-01,   -0.480
2000-11-01,   -0.720
2000-12-01,   -0.720
2001-01-01,   -0.710
2001-02-01,   -0.400
2001-03-01,   -0.100
2001-04-01,   -0.030
2001-05-01,   -0.310
2001-06-01,   -0.240
2001-07-01,   -0.170
2001-08-01,   -0.280
2001-09-01,   -0.670
2001-10-01,   -0.530
2001-11-01,   -0.590
2001-12-01,   -0.640
2002-01-01,   -0.490
2002-02-01,   -0.200
2002-03-01,    0.200
2002-04-01,    0.060
2002-05-01,    0.150
2002-06-01,    0.420
2002-07-01,    0.270
2002-08-01,    0.340
2002-09-01,    0.510
2002-10-01,    0.930
2002-11-01,    1.240
2002-12-01,    1.250
2003-01-01,    0.710
2003-02-01,    0.280
2003-03-01,    0.100
2003-04-01,   -0.420
2003-05-01,   -0.890
2003-06-01,   -0.500
2003-07-01,    0.010
2003-08-01,    0.070
2003-09-01,    0.020
2003-10-01,    0.390
2003-11-01,    0.350
2003-12-01,    0.530
2004-01-01,    0.430
2004-02-01,    0.140
2004-03-01,   -0.060
2004-04-01,   -0.040
2004-05-01,   -0.320
2004-06-01,   -0.190
2004-07-01,   -0.030
2004-08-01,    0.250
2004-09-01,    0.330
2004-10-01,    0.470
2004-11-01,    0.490
2004-12-01,    0.540
2005-01-01,    0.280
2005-02-01,   -0.110
2005-03-01,   -0.160
2005-04-01,    0.140
2005-05-01,    0.250
2005-06-01,    0.180
2005-07-01,    0.120
2005-08-01,    0.090
2005-09-01,   -0.250
2005-10-01,   -0.430
2005-11-01,   -0.920
2005-12-01,   -1.270
2006-01-01,   -0.900
2006-02-01,   -0.400
2006-03-01,   -0.580
2006-04-01,   -0.260
2006-05-01,   -0.140
2006-06-01,   -0.020
2006-07-01,   -0.010
2006-08-01,    0.360
2006-09-01,    0.710
2006-10-01,    0.850
2006-11-01,    0.930
2006-12-01,    1.060
2007-01-01,    0.630
2007-02-01,   -0.000
2007-03-01,   -0.360
2007-04-01,   -0.450
2007-05-01,   -0.760
2007-06-01,   -0.510
2007-07-01,   -0.630
2007-08-01,   -0.960
2007-09-01,   -1.290
2007-10-01,   -1.480
2007-11-01,   -1.710
2007-12-01,   -1.670
2008-01-01,   -1.600
2008-02-01,   -1.250
2008-03-01,   -0.730
2008-04-01,   -0.470
2008-05-01,   -0.190
2008-06-01,   -0.050
2008-07-01,    0.330
2008-08-01,    0.540
2008-09-01,    0.030
2008-10-01,   -0.020
2008-11-01,   -0.150
2008-12-01,   -0.630
2009-01-01,   -0.620
2009-02-01,   -0.490
2009-03-01,   -0.760
2009-04-01,   -0.070
2009-05-01,    0.340
2009-06-01,    0.710
2009-07-01,    0.890
2009-08-01,    0.720
2009-09-01,    0.760
2009-10-01,    0.780
2009-11-01,    1.190
2009-12-01,    1.470
2010-01-01,    1.100
2010-02-01,    0.790
2010-03-01,    0.610
2010-04-01,    0.530
2010-05-01,   -0.010
2010-06-01,   -0.530
2010-07-01,   -0.840
2010-08-01,   -1.070
2010-09-01,   -1.340
2010-10-01,   -1.700
2010-11-01,   -1.560
2010-12-01,   -1.550
2011-01-01,   -1.410
2011-02-01,   -0.840
2011-03-01,   -0.770
2011-04-01,   -0.360
2011-05-01,   -0.230
2011-06-01,    0.100
2011-07-01,    0.060
2011-08-01,   -0.400
2011-09-01,   -0.680
2011-10-01,   -0.980
2011-11-01,   -1.040
2011-12-01,   -0.790
2012-01-01,   -0.730
2012-02-01,   -0.140
2012-03-01,   -0.150
2012-04-01,   -0.000
2012-05-01,    0.010
2012-06-01,    0.500
2012-07-01,    0.840
2012-08-01,    0.750
2012-09-01,    0.390
2012-10-01,    0.040
2012-11-01,    0.170
2012-12-01,   -0.270
2013-01-01,   -0.590
2013-02-01,   -0.450
2013-03-01,    0.040
2013-04-01,   -0.110
2013-05-01,   -0.670
2013-06-01,   -0.710
2013-07-01,   -0.560
2013-08-01,   -0.480
2013-09-01,   -0.220
2013-10-01,   -0.100
2013-11-01,   -0.110
2013-12-01,   -0.020
2014-01-01,   -0.270
2014-02-01,   -0.650
2014-03-01,   -0.160
2014-04-01,    0.220
2014-05-01,    0.550
2014-06-01,    0.910
2014-07-01,    0.560
2014-08-01,    0.370
2014-09-01,    0.360
2014-10-01,    0.630
2014-11-01,    0.920
2014-12-01,    0.800
2015-01-01,    0.390
2015-02-01,    0.160
2015-03-01,    0.080
2015-04-01,    0.750
2015-05-01,    0.990
2015-06-01,    1.540
2015-07-01,    1.870
2015-08-01,    2.080
2015-09-01,    2.360
2015-10-01,    2.470
2015-11-01,    2.630
2015-12-01,    2.650
2016-01-01,    2.640
2016-02-01,    1.900
2016-03-01,    1.520
2016-04-01,    0.780
2016-05-01,    0.210
2016-06-01,    0.110
2016-07-01,   -0.240
2016-08-01,   -0.500
2016-09-01,   -0.190
2016-10-01,   -0.520
2016-11-01,   -0.480
2016-12-01,   -0.480
2017-01-01,   -0.090
2017-02-01,    0.400
2017-03-01,    0.240
2017-04-01,    0.420
2017-05-01,    0.310
2017-06-01,    0.060
2017-07-01,    0.080
2017-08-01,   -0.370
2017-09-01,   -0.880
2017-10-01,   -0.820
2017-11-01,   -1.100
2017-12-01,   -1.090
2018-01-01,   -1.170
2018-02-01,   -0.770
2018-03-01,   -0.870
2018-04-01,   -0.430
2018-05-01,   -0.180
2018-06-01,    0.190
2018-07-01,    0.270
2018-08-01,   -0.120
2018-09-01,    0.140
2018-10-01,    0.710
2018-11-01,    1.000
2018-12-01,    0.980
2019-01-01,    0.590
2019-02-01,    0.590
2019-03-01,    0.620
2019-04-01,    0.640
2019-05-01,    0.550
2019-06-01,    0.450
2019-07-01,    0.070
2019-08-01,    0.030
2019-09-01,   -0.220
2019-10-01,    0.100
2019-11-01,    0.440
2019-12-01,    0.250
2020-01-01,    0.370
2020-02-01,    0.200
2020-03-01,   -0.020
2020-04-01,    0.340
2020-05-01,   -0.240
2020-06-01,   -0.530
2020-07-01,   -0.360
2020-08-01,   -0.440
2020-09-01,   -0.790
2020-10-01,   -1.000
2020-11-01,   -0.890
2020-12-01,   -0.770
2021-01-01,   -0.800
2021-02-01,   -0.800
2021-03-01,   -0.640
2021-04-01,   -0.670
2021-05-01,   -0.530
2021-06-01,   -0.060
2021-07-01,   -0.170
2021-08-01,   -0.280
2021-09-01,   -0.390
2021-10-01,   -0.630
2021-11-01,   -0.870
2021-12-01,   -1.120
2022-01-01,   -0.970
2022-02-01,   -0.920
2022-03-01,   -0.720
2022-04-01,   -0.910
2022-05-01,   -0.990
2022-06-01,   -0.710
2022-07-01,   -0.380
2022-08-01,   -0.600
2022-09-01,   -0.890
2022-10-01,   -1.050
2022-11-01,   -0.720
2022-12-01,   -0.840
2023-01-01,   -0.640
2023-02-01,   -0.470
2023-03-01,    0.230
2023-04-01,    0.620
2023-05-01,    0.900
2023-06-01,    1.350
2023-07-01,    1.720
2023-08-01,    2.090
2023-09-01,    1.960
2023-10-01,    1.930
2023-11-01,    2.210
2023-12-01,    1.930
2024-01-01,    1.740
2024-02-01,    1.450
2024-03-01,    0.840
2024-04-01,    0.700
2024-05-01,    0.060
2024-06-01,   -0.110
2024-07-01,   -0.050
2024-08-01,   -0.280
2024-09-01,   -0.140
2024-10-01,   -0.300
2024-11-01,   -0.110
2024-12-01,   -0.400
2025-01-01,   -0.590
2025-02-01,   -0.070
2025-03-01,    0.390
2025-04-01,    0.050
2025-05-01,   -0.120
2025-06-01,    0.030
2025-07-01,    0.070
2025-08-01,   -0.020
2025-09-01,   -0.260
2025-10-01,   -0.420
2025-11-01,   -0.630
2025-12-01,   -0.580
2026-01-01,   -0.590
2026-02-01,   -0.130
2026-03-01,    0.030
2026-04-01,    0.370
2026-05-01,-9999.000
2026-06-01,-9999.000
2026-07-01,-9999.000
2026-08-01,-9999.000
2026-09-01,-9999.000
2026-10-01,-9999.000
2026-11-01,-9999.000
2026-12-01,-9999.000
