Date,  standardized OLR enso index  missing value -999.9 https://psl.noaa.gov/data/timeseries/month/
1974-01-01,-9999.000
1974-02-01,-9999.000
1974-03-01,-9999.000
1974-04-01,-9999.000
1974-05-01,-9999.000
1974-06-01,    1.100
1974-07-01,    0.000
1974-08-01,    1.000
1974-09-01,    0.900
1974-10-01,    1.100
1974-11-01,    1.000
1974-12-01,    0.100
1975-01-01,   -0.200
1975-02-01,    1.100
1975-03-01,    1.100
1975-04-01,    0.700
1975-05-01,    1.400
1975-06-01,    1.000
1975-07-01,    1.200
1975-08-01,    1.400
1975-09-01,    1.300
1975-10-01,    1.400
1975-11-01,    1.300
1975-12-01,    1.900
1976-01-01,    1.100
1976-02-01,    1.200
1976-03-01,    0.300
1976-04-01,    0.700
1976-05-01,    0.400
1976-06-01,   -0.400
1976-07-01,   -0.500
1976-08-01,   -0.600
1976-09-01,   -0.300
1976-10-01,   -0.500
1976-11-01,    0.200
1976-12-01,   -0.800
1977-01-01,   -0.700
1977-02-01,    0.600
1977-03-01,   -1.100
1977-04-01,   -0.000
1977-05-01,    0.400
1977-06-01,    0.400
1977-07-01,   -0.200
1977-08-01,   -0.000
1977-09-01,   -0.000
1977-10-01,   -0.200
1977-11-01,   -0.700
1977-12-01,   -1.900
1978-01-01,   -0.900
1978-02-01,   -0.900
1978-03-01,-9999.000
1978-04-01,-9999.000
1978-05-01,-9999.000
1978-06-01,-9999.000
1978-07-01,-9999.000
1978-08-01,-9999.000
1978-09-01,-9999.000
1978-10-01,-9999.000
1978-11-01,-9999.000
1978-12-01,-9999.000
1979-01-01,   -0.700
1979-02-01,   -0.600
1979-03-01,   -0.300
1979-04-01,    0.300
1979-05-01,    0.000
1979-06-01,    0.300
1979-07-01,    0.500
1979-08-01,    0.200
1979-09-01,   -0.100
1979-10-01,   -0.700
1979-11-01,   -0.500
1979-12-01,   -0.500
1980-01-01,    0.600
1980-02-01,    0.400
1980-03-01,   -1.100
1980-04-01,    0.000
1980-05-01,   -0.200
1980-06-01,   -0.700
1980-07-01,   -0.300
1980-08-01,   -0.900
1980-09-01,    0.000
1980-10-01,   -0.300
1980-11-01,   -0.400
1980-12-01,    0.300
1981-01-01,    0.400
1981-02-01,   -0.700
1981-03-01,   -0.900
1981-04-01,   -0.900
1981-05-01,    0.500
1981-06-01,    0.400
1981-07-01,    0.100
1981-08-01,    0.900
1981-09-01,   -0.000
1981-10-01,    0.200
1981-11-01,    0.300
1981-12-01,   -0.200
1982-01-01,    0.900
1982-02-01,    0.100
1982-03-01,   -0.600
1982-04-01,   -0.000
1982-05-01,    0.400
1982-06-01,   -0.200
1982-07-01,   -1.200
1982-08-01,   -1.600
1982-09-01,   -1.400
1982-10-01,   -1.800
1982-11-01,   -2.000
1982-12-01,   -0.900
1983-01-01,   -1.500
1983-02-01,   -0.700
1983-03-01,    0.100
1983-04-01,    0.300
1983-05-01,   -0.800
1983-06-01,   -0.900
1983-07-01,   -1.000
1983-08-01,   -0.100
1983-09-01,   -0.100
1983-10-01,    0.300
1983-11-01,    0.200
1983-12-01,    1.100
1984-01-01,    1.700
1984-02-01,    1.900
1984-03-01,    1.200
1984-04-01,    1.100
1984-05-01,    0.700
1984-06-01,    0.500
1984-07-01,    0.100
1984-08-01,    0.200
1984-09-01,    0.300
1984-10-01,    0.200
1984-11-01,   -0.200
1984-12-01,    0.100
1985-01-01,    0.200
1985-02-01,    1.200
1985-03-01,   -0.700
1985-04-01,    0.800
1985-05-01,    1.100
1985-06-01,    0.500
1985-07-01,    0.300
1985-08-01,    0.400
1985-09-01,   -0.000
1985-10-01,    0.200
1985-11-01,   -0.100
1985-12-01,    0.100
1986-01-01,    0.200
1986-02-01,    0.900
1986-03-01,    1.100
1986-04-01,    0.400
1986-05-01,    0.400
1986-06-01,   -0.200
1986-07-01,   -0.200
1986-08-01,    0.200
1986-09-01,   -1.000
1986-10-01,   -0.800
1986-11-01,   -1.500
1986-12-01,   -2.400
1987-01-01,   -2.300
1987-02-01,   -2.300
1987-03-01,   -1.300
1987-04-01,   -1.300
1987-05-01,   -1.900
1987-06-01,   -1.200
1987-07-01,   -2.200
1987-08-01,   -1.600
1987-09-01,   -0.600
1987-10-01,   -1.200
1987-11-01,   -0.700
1987-12-01,   -1.300
1988-01-01,   -0.900
1988-02-01,   -0.700
1988-03-01,    0.400
1988-04-01,    0.200
1988-05-01,    0.600
1988-06-01,    0.900
1988-07-01,    0.900
1988-08-01,    1.100
1988-09-01,    1.100
1988-10-01,    0.800
1988-11-01,    1.200
1988-12-01,    1.600
1989-01-01,    1.700
1989-02-01,    1.700
1989-03-01,    1.300
1989-04-01,    0.600
1989-05-01,    0.400
1989-06-01,    0.600
1989-07-01,    0.400
1989-08-01,    0.500
1989-09-01,    0.500
1989-10-01,    0.200
1989-11-01,   -0.600
1989-12-01,   -0.200
1990-01-01,   -1.000
1990-02-01,   -1.000
1990-03-01,   -1.400
1990-04-01,   -0.700
1990-05-01,   -0.000
1990-06-01,    0.100
1990-07-01,   -0.200
1990-08-01,   -0.700
1990-09-01,   -0.700
1990-10-01,   -0.100
1990-11-01,   -0.500
1990-12-01,   -0.500
1991-01-01,   -0.400
1991-02-01,   -0.600
1991-03-01,   -0.400
1991-04-01,   -0.000
1991-05-01,   -0.100
1991-06-01,   -0.200
1991-07-01,   -0.500
1991-08-01,   -1.000
1991-09-01,   -0.700
1991-10-01,   -0.600
1991-11-01,   -2.500
1991-12-01,   -1.800
1992-01-01,   -2.200
1992-02-01,   -1.300
1992-03-01,   -2.000
1992-04-01,   -1.600
1992-05-01,   -1.800
1992-06-01,   -1.000
1992-07-01,   -0.400
1992-08-01,   -0.200
1992-09-01,   -0.000
1992-10-01,   -0.500
1992-11-01,   -1.100
1992-12-01,   -1.500
1993-01-01,   -0.700
1993-02-01,   -1.600
1993-03-01,   -1.000
1993-04-01,   -2.000
1993-05-01,   -1.500
1993-06-01,   -1.400
1993-07-01,   -1.300
1993-08-01,   -0.600
1993-09-01,   -0.900
1993-10-01,   -1.500
1993-11-01,   -0.100
1993-12-01,   -0.700
1994-01-01,   -0.100
1994-02-01,    0.600
1994-03-01,    0.300
1994-04-01,   -0.300
1994-05-01,   -0.100
1994-06-01,    0.100
1994-07-01,   -0.300
1994-08-01,   -0.600
1994-09-01,   -1.000
1994-10-01,   -0.600
1994-11-01,   -1.400
1994-12-01,   -2.800
1995-01-01,   -1.700
1995-02-01,   -0.600
1995-03-01,   -0.000
1995-04-01,    0.200
1995-05-01,    0.200
1995-06-01,    0.400
1995-07-01,    0.400
1995-08-01,    0.700
1995-09-01,    0.400
1995-10-01,    0.900
1995-11-01,    0.800
1995-12-01,    1.000
1996-01-01,    1.700
1996-02-01,    1.600
1996-03-01,    1.100
1996-04-01,    0.400
1996-05-01,    0.400
1996-06-01,    0.500
1996-07-01,    0.500
1996-08-01,    0.500
1996-09-01,    0.600
1996-10-01,    0.500
1996-11-01,    0.500
1996-12-01,    0.700
1997-01-01,    0.500
1997-02-01,    0.500
1997-03-01,   -1.000
1997-04-01,   -1.200
1997-05-01,   -1.700
1997-06-01,   -0.900
1997-07-01,   -1.500
1997-08-01,   -1.700
1997-09-01,   -1.400
1997-10-01,   -2.600
1997-11-01,   -0.600
1997-12-01,   -1.500
1998-01-01,   -0.700
1998-02-01,   -0.300
1998-03-01,    0.100
1998-04-01,    1.000
1998-05-01,   -0.300
1998-06-01,   -0.100
1998-07-01,    0.500
1998-08-01,    0.600
1998-09-01,    0.900
1998-10-01,    0.800
1998-11-01,    1.000
1998-12-01,    1.300
1999-01-01,    1.800
1999-02-01,    1.300
1999-03-01,    1.500
1999-04-01,    1.000
1999-05-01,    0.700
1999-06-01,    0.500
1999-07-01,    0.200
1999-08-01,    0.700
1999-09-01,    1.000
1999-10-01,    0.900
1999-11-01,    0.700
1999-12-01,    1.800
2000-01-01,    1.700
2000-02-01,    2.200
2000-03-01,    1.800
2000-04-01,    1.100
2000-05-01,    0.400
2000-06-01,    0.800
2000-07-01,    0.800
2000-08-01,   -0.100
2000-09-01,    0.500
2000-10-01,    0.400
2000-11-01,    0.700
2000-12-01,    1.000
2001-01-01,    1.500
2001-02-01,    0.600
2001-03-01,    0.800
2001-04-01,    0.000
2001-05-01,   -0.200
2001-06-01,    0.000
2001-07-01,   -0.000
2001-08-01,   -0.400
2001-09-01,    0.300
2001-10-01,   -0.100
2001-11-01,   -0.400
2001-12-01,   -1.800
2002-01-01,   -0.200
2002-02-01,   -1.200
2002-03-01,   -1.000
2002-04-01,    0.300
2002-05-01,    0.100
2002-06-01,   -0.700
2002-07-01,    0.200
2002-08-01,   -1.600
2002-09-01,   -1.900
2002-10-01,   -1.500
2002-11-01,   -1.800
2002-12-01,   -1.600
2003-01-01,   -2.300
2003-02-01,   -1.100
2003-03-01,   -0.800
2003-04-01,    0.300
2003-05-01,    0.100
2003-06-01,    0.800
2003-07-01,   -0.200
2003-08-01,    0.500
2003-09-01,   -0.000
2003-10-01,   -0.000
2003-11-01,    0.500
2003-12-01,   -0.100
2004-01-01,   -0.900
2004-02-01,    0.400
2004-03-01,   -0.500
2004-04-01,   -0.800
2004-05-01,    0.300
2004-06-01,   -1.100
2004-07-01,    0.100
2004-08-01,   -0.400
2004-09-01,   -0.300
2004-10-01,   -0.300
2004-11-01,   -0.800
2004-12-01,   -0.100
2005-01-01,   -0.100
2005-02-01,   -2.200
2005-03-01,    0.000
2005-04-01,   -0.500
2005-05-01,   -0.200
2005-06-01,    0.100
2005-07-01,   -0.600
2005-08-01,    0.300
2005-09-01,   -0.100
2005-10-01,   -0.000
2005-11-01,    0.400
2005-12-01,    0.800
2006-01-01,    0.800
2006-02-01,    0.400
2006-03-01,    1.100
2006-04-01,    0.300
2006-05-01,    0.700
2006-06-01,   -0.400
2006-07-01,    0.000
2006-08-01,   -0.500
2006-09-01,   -0.500
2006-10-01,   -1.000
2006-11-01,   -0.700
2006-12-01,   -0.800
2007-01-01,   -1.400
2007-02-01,   -0.100
2007-03-01,    0.400
2007-04-01,   -0.100
2007-05-01,    0.100
2007-06-01,    0.400
2007-07-01,    0.700
2007-08-01,    0.400
2007-09-01,    0.500
2007-10-01,    1.000
2007-11-01,    0.200
2007-12-01,    1.500
2008-01-01,    0.600
2008-02-01,    2.100
2008-03-01,    1.900
2008-04-01,    1.200
2008-05-01,    0.900
2008-06-01,    0.300
2008-07-01,    0.500
2008-08-01,    0.300
2008-09-01,    0.100
2008-10-01,    0.700
2008-11-01,    0.500
2008-12-01,    1.600
2009-01-01,    1.300
2009-02-01,    1.300
2009-03-01,    0.900
2009-04-01,    0.700
2009-05-01,    0.600
2009-06-01,-9999.000
2009-07-01,-9999.000
2009-08-01,-9999.000
2009-09-01,-9999.000
2009-10-01,-9999.000
2009-11-01,-9999.000
2009-12-01,   -2.600
2010-01-01,   -2.100
2010-02-01,   -2.300
2010-03-01,   -1.500
2010-04-01,   -0.300
2010-05-01,    0.600
2010-06-01,    1.000
2010-07-01,    0.800
2010-08-01,    1.000
2010-09-01,    1.300
2010-10-01,    1.300
2010-11-01,    1.500
2010-12-01,    2.200
2011-01-01,    2.000
2011-02-01,    2.300
2011-03-01,    1.700
2011-04-01,    1.100
2011-05-01,    0.300
2011-06-01,   -0.100
2011-07-01,    0.000
2011-08-01,    0.200
2011-09-01,    0.200
2011-10-01,    0.900
2011-11-01,    0.800
2011-12-01,    1.500
2012-01-01,    1.700
2012-02-01,    1.900
2012-03-01,    0.900
2012-04-01,    0.100
2012-05-01,   -0.000
2012-06-01,    0.100
2012-07-01,   -0.800
2012-08-01,    0.100
2012-09-01,   -0.500
2012-10-01,   -0.400
2012-11-01,   -0.200
2012-12-01,    0.500
2013-01-01,   -0.300
2013-02-01,    0.100
2013-03-01,   -0.200
2013-04-01,    0.600
2013-05-01,    0.600
2013-06-01,    0.400
2013-07-01,    0.600
2013-08-01,    0.800
2013-09-01,    0.300
2013-10-01,    0.100
2013-11-01,    0.500
2013-12-01,    0.700
2014-01-01,    0.200
2014-02-01,    0.200
2014-03-01,   -1.100
2014-04-01,   -1.000
2014-05-01,   -0.100
2014-06-01,   -0.700
2014-07-01,   -0.200
2014-08-01,    0.300
2014-09-01,    0.000
2014-10-01,   -0.200
2014-11-01,    0.200
2014-12-01,    0.000
2015-01-01,    0.100
2015-02-01,   -0.100
2015-03-01,   -1.900
2015-04-01,   -1.000
2015-05-01,   -0.900
2015-06-01,   -1.400
2015-07-01,   -0.400
2015-08-01,   -1.500
2015-09-01,   -1.700
2015-10-01,   -1.500
2015-11-01,   -1.500
2015-12-01,   -2.700
2016-01-01,   -2.000
2016-02-01,   -2.400
2016-03-01,   -1.600
2016-04-01,   -0.900
2016-05-01,   -0.200
2016-06-01,    0.100
2016-07-01,    0.400
2016-08-01,    0.700
2016-09-01,    0.700
2016-10-01,    0.900
2016-11-01,    1.200
2016-12-01,    1.200
2017-01-01,    0.900
2017-02-01,    1.400
2017-03-01,    1.100
2017-04-01,    0.400
2017-05-01,    0.100
2017-06-01,    0.600
2017-07-01,   -0.600
2017-08-01,    0.200
2017-09-01,    0.600
2017-10-01,    0.600
2017-11-01,    0.900
2017-12-01,    0.700
2018-01-01,    1.700
2018-02-01,    0.000
2018-03-01,    0.500
2018-04-01,    1.200
2018-05-01,    1.000
2018-06-01,    1.000
2018-07-01,    0.200
2018-08-01,    0.300
2018-09-01,    0.200
2018-10-01,    0.300
2018-11-01,   -0.500
2018-12-01,   -0.300
2019-01-01,   -0.700
2019-02-01,   -1.800
2019-03-01,   -1.200
2019-04-01,   -0.800
2019-05-01,   -0.700
2019-06-01,   -0.300
2019-07-01,    0.100
2019-08-01,    0.000
2019-09-01,    0.500
2019-10-01,    0.400
2019-11-01,   -0.100
2019-12-01,   -0.200
2020-01-01,   -0.700
2020-02-01,   -1.300
2020-03-01,    0.100
2020-04-01,    0.700
2020-05-01,    0.700
2020-06-01,    1.100
2020-07-01,    0.800
2020-08-01,    0.800
2020-09-01,    0.800
2020-10-01,    1.100
2020-11-01,    1.200
2020-12-01,    1.800
2021-01-01,    2.200
2021-02-01,    1.100
2021-03-01,    1.500
2021-04-01,    0.100
2021-05-01,    0.200
2021-06-01,    0.800
2021-07-01,    0.300
2021-08-01,    1.000
2021-09-01,    0.700
2021-10-01,    1.200
2021-11-01,    1.400
2021-12-01,    1.100
2022-01-01,    1.100
2022-02-01,    1.600
2022-03-01,    1.800
2022-04-01,    1.600
2022-05-01,    1.500
2022-06-01,    1.000
2022-07-01,    0.800
2022-08-01,    1.200
2022-09-01,    1.200
2022-10-01,    1.200
2022-11-01,    1.300
2022-12-01,    1.700
2023-01-01,    1.800
2023-02-01,    1.400
2023-03-01,    1.400
2023-04-01,    0.600
2023-05-01,   -0.200
2023-06-01,   -0.300
2023-07-01,   -0.700
2023-08-01,   -0.300
2023-09-01,   -0.800
2023-10-01,   -0.600
2023-11-01,   -1.200
2023-12-01,   -1.300
2024-01-01,    0.000
2024-02-01,   -1.100
2024-03-01,    0.300
2024-04-01,    0.300
2024-05-01,    0.700
2024-06-01,    0.600
2024-07-01,   -0.200
2024-08-01,    0.500
2024-09-01,    0.500
2024-10-01,    0.800
2024-11-01,    1.100
2024-12-01,    1.100
2025-01-01,    1.700
2025-02-01,    2.000
2025-03-01,    1.700
2025-04-01,    0.600
2025-05-01,    0.500
2025-06-01,    0.500
2025-07-01,    0.100
2025-08-01,    0.800
2025-09-01,    0.800
2025-10-01,    0.800
2025-11-01,    0.500
2025-12-01,    1.100
2026-01-01,    0.500
2026-02-01,    1.200
2026-03-01,    0.400
2026-04-01,    0.300
2026-05-01,   -0.100
2026-06-01,-9999.000
2026-07-01,-9999.000
2026-08-01,-9999.000
2026-09-01,-9999.000
2026-10-01,-9999.000
2026-11-01,-9999.000
2026-12-01,-9999.000
