Date, PACWARMPOOL ERSSTV5  missing value -9999 https://psl.noaa.gov/data/timeseries/month/
1854-01-01,   -0.448
1854-02-01,   -0.431
1854-03-01,   -0.265
1854-04-01,   -0.307
1854-05-01,   -0.123
1854-06-01,   -0.282
1854-07-01,   -0.685
1854-08-01,   -0.504
1854-09-01,   -0.075
1854-10-01,    0.337
1854-11-01,    0.011
1854-12-01,   -0.143
1855-01-01,   -0.342
1855-02-01,   -0.388
1855-03-01,   -0.509
1855-04-01,   -0.532
1855-05-01,   -0.448
1855-06-01,   -0.324
1855-07-01,   -0.702
1855-08-01,   -0.596
1855-09-01,   -0.402
1855-10-01,   -0.307
1855-11-01,   -0.233
1855-12-01,   -0.383
1856-01-01,   -0.254
1856-02-01,   -0.345
1856-03-01,   -0.423
1856-04-01,   -0.320
1856-05-01,   -0.287
1856-06-01,   -0.141
1856-07-01,   -0.458
1856-08-01,   -0.412
1856-09-01,   -0.291
1856-10-01,   -0.420
1856-11-01,   -0.555
1856-12-01,   -0.555
1857-01-01,   -0.320
1857-02-01,   -0.482
1857-03-01,   -0.595
1857-04-01,   -0.498
1857-05-01,   -0.543
1857-06-01,   -0.523
1857-07-01,   -0.558
1857-08-01,   -0.557
1857-09-01,   -0.483
1857-10-01,   -0.353
1857-11-01,   -0.432
1857-12-01,   -0.850
1858-01-01,   -0.986
1858-02-01,   -0.938
1858-03-01,   -0.504
1858-04-01,   -0.698
1858-05-01,   -0.855
1858-06-01,   -0.650
1858-07-01,   -0.356
1858-08-01,   -0.224
1858-09-01,   -0.194
1858-10-01,   -0.517
1858-11-01,   -0.524
1858-12-01,   -0.563
1859-01-01,   -0.311
1859-02-01,   -0.292
1859-03-01,   -0.258
1859-04-01,   -0.311
1859-05-01,   -0.224
1859-06-01,   -0.247
1859-07-01,   -0.123
1859-08-01,   -0.167
1859-09-01,   -0.158
1859-10-01,   -0.368
1859-11-01,   -0.147
1859-12-01,   -0.160
1860-01-01,    0.124
1860-02-01,    0.008
1860-03-01,   -0.176
1860-04-01,   -0.330
1860-05-01,   -0.448
1860-06-01,   -0.437
1860-07-01,   -0.348
1860-08-01,   -0.217
1860-09-01,   -0.275
1860-10-01,   -0.489
1860-11-01,   -0.895
1860-12-01,   -1.143
1861-01-01,   -1.185
1861-02-01,   -1.204
1861-03-01,   -1.238
1861-04-01,   -0.818
1861-05-01,   -0.732
1861-06-01,   -0.706
1861-07-01,   -0.429
1861-08-01,   -0.409
1861-09-01,   -0.437
1861-10-01,   -0.725
1861-11-01,   -0.629
1861-12-01,   -0.679
1862-01-01,   -0.743
1862-02-01,   -0.921
1862-03-01,   -0.793
1862-04-01,   -0.802
1862-05-01,   -0.700
1862-06-01,   -0.656
1862-07-01,   -0.835
1862-08-01,   -0.652
1862-09-01,   -0.451
1862-10-01,   -0.567
1862-11-01,   -0.574
1862-12-01,   -0.245
1863-01-01,   -0.234
1863-02-01,   -0.305
1863-03-01,   -0.396
1863-04-01,   -0.521
1863-05-01,   -0.361
1863-06-01,   -0.452
1863-07-01,   -0.418
1863-08-01,   -0.442
1863-09-01,   -0.377
1863-10-01,   -0.363
1863-11-01,   -0.532
1863-12-01,    0.013
1864-01-01,   -0.341
1864-02-01,   -0.428
1864-03-01,   -0.633
1864-04-01,   -0.552
1864-05-01,   -0.444
1864-06-01,   -0.484
1864-07-01,   -0.417
1864-08-01,   -0.552
1864-09-01,   -0.661
1864-10-01,   -0.685
1864-11-01,   -0.508
1864-12-01,   -0.361
1865-01-01,   -0.300
1865-02-01,   -0.347
1865-03-01,   -0.270
1865-04-01,   -0.149
1865-05-01,   -0.336
1865-06-01,   -0.317
1865-07-01,   -0.349
1865-08-01,   -0.430
1865-09-01,   -0.436
1865-10-01,   -0.413
1865-11-01,   -0.236
1865-12-01,   -0.249
1866-01-01,   -0.159
1866-02-01,   -0.029
1866-03-01,    0.181
1866-04-01,   -0.212
1866-05-01,   -0.495
1866-06-01,   -0.398
1866-07-01,   -0.279
1866-08-01,   -0.320
1866-09-01,   -0.767
1866-10-01,   -0.172
1866-11-01,   -0.023
1866-12-01,   -0.485
1867-01-01,   -0.542
1867-02-01,   -0.140
1867-03-01,   -0.084
1867-04-01,   -0.366
1867-05-01,   -0.723
1867-06-01,   -0.517
1867-07-01,   -0.506
1867-08-01,   -0.052
1867-09-01,    0.197
1867-10-01,   -0.377
1867-11-01,   -0.584
1867-12-01,   -0.788
1868-01-01,   -1.026
1868-02-01,   -0.736
1868-03-01,   -0.707
1868-04-01,   -0.502
1868-05-01,   -0.280
1868-06-01,   -0.221
1868-07-01,   -0.385
1868-08-01,   -0.248
1868-09-01,   -0.377
1868-10-01,   -0.304
1868-11-01,   -0.455
1868-12-01,   -0.457
1869-01-01,   -0.488
1869-02-01,   -0.419
1869-03-01,   -0.156
1869-04-01,    0.033
1869-05-01,    0.327
1869-06-01,    0.146
1869-07-01,   -0.025
1869-08-01,   -0.193
1869-09-01,   -0.215
1869-10-01,   -0.154
1869-11-01,   -0.097
1869-12-01,   -0.266
1870-01-01,   -0.324
1870-02-01,   -0.316
1870-03-01,   -0.362
1870-04-01,   -0.318
1870-05-01,   -0.292
1870-06-01,   -0.428
1870-07-01,   -0.334
1870-08-01,   -0.311
1870-09-01,   -0.194
1870-10-01,   -0.313
1870-11-01,   -0.381
1870-12-01,   -0.499
1871-01-01,   -0.434
1871-02-01,   -0.492
1871-03-01,   -0.395
1871-04-01,   -0.356
1871-05-01,   -0.490
1871-06-01,   -0.655
1871-07-01,   -0.378
1871-08-01,   -0.574
1871-09-01,   -0.757
1871-10-01,   -0.556
1871-11-01,   -0.375
1871-12-01,   -0.431
1872-01-01,   -0.527
1872-02-01,   -0.519
1872-03-01,   -0.500
1872-04-01,   -0.610
1872-05-01,   -0.448
1872-06-01,   -0.295
1872-07-01,   -0.342
1872-08-01,   -0.164
1872-09-01,   -0.338
1872-10-01,   -0.456
1872-11-01,   -0.375
1872-12-01,   -0.312
1873-01-01,   -0.346
1873-02-01,   -0.445
1873-03-01,   -0.561
1873-04-01,   -0.627
1873-05-01,   -0.513
1873-06-01,   -0.587
1873-07-01,   -0.540
1873-08-01,   -0.609
1873-09-01,   -0.420
1873-10-01,   -0.401
1873-11-01,   -0.405
1873-12-01,   -0.385
1874-01-01,   -0.424
1874-02-01,   -0.270
1874-03-01,   -0.423
1874-04-01,   -0.485
1874-05-01,   -0.596
1874-06-01,   -0.597
1874-07-01,   -0.423
1874-08-01,   -0.424
1874-09-01,   -0.547
1874-10-01,   -0.663
1874-11-01,   -0.622
1874-12-01,   -0.423
1875-01-01,   -0.538
1875-02-01,   -0.714
1875-03-01,   -0.793
1875-04-01,   -0.696
1875-05-01,   -0.698
1875-06-01,   -0.738
1875-07-01,   -0.661
1875-08-01,   -0.583
1875-09-01,   -0.612
1875-10-01,   -0.512
1875-11-01,   -0.358
1875-12-01,   -0.343
1876-01-01,   -0.390
1876-02-01,   -0.390
1876-03-01,   -0.313
1876-04-01,   -0.442
1876-05-01,   -0.487
1876-06-01,   -0.560
1876-07-01,   -0.465
1876-08-01,   -0.498
1876-09-01,   -0.783
1876-10-01,   -0.756
1876-11-01,   -0.637
1876-12-01,   -0.584
1877-01-01,   -0.705
1877-02-01,   -0.643
1877-03-01,   -0.681
1877-04-01,   -0.650
1877-05-01,   -0.660
1877-06-01,   -0.587
1877-07-01,   -0.452
1877-08-01,   -0.458
1877-09-01,   -0.289
1877-10-01,   -0.339
1877-11-01,   -0.247
1877-12-01,   -0.017
1878-01-01,    0.172
1878-02-01,    0.163
1878-03-01,    0.039
1878-04-01,   -0.034
1878-05-01,    0.095
1878-06-01,    0.070
1878-07-01,   -0.023
1878-08-01,   -0.094
1878-09-01,   -0.206
1878-10-01,   -0.065
1878-11-01,   -0.318
1878-12-01,   -0.300
1879-01-01,   -0.327
1879-02-01,   -0.322
1879-03-01,   -0.407
1879-04-01,   -0.552
1879-05-01,   -0.506
1879-06-01,   -0.346
1879-07-01,   -0.249
1879-08-01,   -0.386
1879-09-01,   -0.530
1879-10-01,   -0.765
1879-11-01,   -0.789
1879-12-01,   -0.926
1880-01-01,   -0.804
1880-02-01,   -0.543
1880-03-01,   -0.393
1880-04-01,   -0.428
1880-05-01,   -0.595
1880-06-01,   -0.773
1880-07-01,   -0.831
1880-08-01,   -0.512
1880-09-01,   -0.566
1880-10-01,   -0.650
1880-11-01,   -0.630
1880-12-01,   -0.503
1881-01-01,   -0.633
1881-02-01,   -0.491
1881-03-01,   -0.423
1881-04-01,   -0.203
1881-05-01,   -0.084
1881-06-01,   -0.328
1881-07-01,   -0.251
1881-08-01,   -0.199
1881-09-01,   -0.392
1881-10-01,   -0.432
1881-11-01,   -0.331
1881-12-01,   -0.210
1882-01-01,    0.038
1882-02-01,   -0.210
1882-03-01,   -0.377
1882-04-01,   -0.458
1882-05-01,   -0.517
1882-06-01,   -0.672
1882-07-01,   -0.476
1882-08-01,   -0.485
1882-09-01,   -0.370
1882-10-01,   -0.528
1882-11-01,   -0.383
1882-12-01,   -0.426
1883-01-01,   -0.440
1883-02-01,   -0.769
1883-03-01,   -0.905
1883-04-01,   -1.002
1883-05-01,   -0.794
1883-06-01,   -0.747
1883-07-01,   -0.591
1883-08-01,   -0.650
1883-09-01,   -0.615
1883-10-01,   -0.770
1883-11-01,   -0.759
1883-12-01,   -0.888
1884-01-01,   -0.947
1884-02-01,   -0.735
1884-03-01,   -0.831
1884-04-01,   -0.841
1884-05-01,   -0.765
1884-06-01,   -0.985
1884-07-01,   -1.078
1884-08-01,   -0.841
1884-09-01,   -0.702
1884-10-01,   -0.631
1884-11-01,   -0.784
1884-12-01,   -0.839
1885-01-01,   -0.635
1885-02-01,   -0.675
1885-03-01,   -0.764
1885-04-01,   -0.868
1885-05-01,   -0.854
1885-06-01,   -1.091
1885-07-01,   -1.097
1885-08-01,   -1.098
1885-09-01,   -0.981
1885-10-01,   -0.762
1885-11-01,   -0.581
1885-12-01,   -0.547
1886-01-01,   -0.647
1886-02-01,   -0.685
1886-03-01,   -0.561
1886-04-01,   -0.448
1886-05-01,   -0.449
1886-06-01,   -0.523
1886-07-01,   -0.481
1886-08-01,   -0.605
1886-09-01,   -0.552
1886-10-01,   -0.691
1886-11-01,   -0.653
1886-12-01,   -0.736
1887-01-01,   -0.560
1887-02-01,   -0.492
1887-03-01,   -0.631
1887-04-01,   -0.858
1887-05-01,   -1.001
1887-06-01,   -1.096
1887-07-01,   -0.911
1887-08-01,   -0.714
1887-09-01,   -0.684
1887-10-01,   -0.601
1887-11-01,   -0.454
1887-12-01,   -0.463
1888-01-01,   -0.570
1888-02-01,   -0.468
1888-03-01,   -0.558
1888-04-01,   -0.472
1888-05-01,   -0.464
1888-06-01,   -0.671
1888-07-01,   -0.766
1888-08-01,   -0.789
1888-09-01,   -0.751
1888-10-01,   -0.395
1888-11-01,   -0.221
1888-12-01,   -0.185
1889-01-01,   -0.019
1889-02-01,   -0.080
1889-03-01,   -0.168
1889-04-01,   -0.323
1889-05-01,   -0.468
1889-06-01,   -0.527
1889-07-01,   -0.292
1889-08-01,   -0.433
1889-09-01,   -0.455
1889-10-01,   -0.510
1889-11-01,   -0.504
1889-12-01,   -0.410
1890-01-01,   -0.504
1890-02-01,   -0.473
1890-03-01,   -0.607
1890-04-01,   -0.637
1890-05-01,   -0.606
1890-06-01,   -0.575
1890-07-01,   -0.529
1890-08-01,   -0.664
1890-09-01,   -0.730
1890-10-01,   -0.766
1890-11-01,   -0.817
1890-12-01,   -0.603
1891-01-01,   -0.625
1891-02-01,   -0.643
1891-03-01,   -0.583
1891-04-01,   -0.540
1891-05-01,   -0.457
1891-06-01,   -0.544
1891-07-01,   -0.701
1891-08-01,   -0.735
1891-09-01,   -0.563
1891-10-01,   -0.362
1891-11-01,   -0.337
1891-12-01,   -0.245
1892-01-01,   -0.070
1892-02-01,   -0.188
1892-03-01,   -0.448
1892-04-01,   -0.537
1892-05-01,   -0.650
1892-06-01,   -0.805
1892-07-01,   -0.842
1892-08-01,   -0.539
1892-09-01,   -0.277
1892-10-01,   -0.437
1892-11-01,   -0.531
1892-12-01,   -0.483
1893-01-01,   -0.362
1893-02-01,   -0.479
1893-03-01,   -0.564
1893-04-01,   -0.660
1893-05-01,   -0.717
1893-06-01,   -0.790
1893-07-01,   -0.603
1893-08-01,   -0.556
1893-09-01,   -0.610
1893-10-01,   -0.656
1893-11-01,   -0.619
1893-12-01,   -0.832
1894-01-01,   -0.818
1894-02-01,   -0.702
1894-03-01,   -0.691
1894-04-01,   -0.573
1894-05-01,   -0.734
1894-06-01,   -0.805
1894-07-01,   -0.773
1894-08-01,   -0.822
1894-09-01,   -0.650
1894-10-01,   -0.564
1894-11-01,   -0.643
1894-12-01,   -0.557
1895-01-01,   -0.586
1895-02-01,   -0.433
1895-03-01,   -0.594
1895-04-01,   -0.486
1895-05-01,   -0.627
1895-06-01,   -0.595
1895-07-01,   -0.656
1895-08-01,   -0.602
1895-09-01,   -0.649
1895-10-01,   -0.625
1895-11-01,   -0.619
1895-12-01,   -0.485
1896-01-01,   -0.483
1896-02-01,   -0.430
1896-03-01,   -0.383
1896-04-01,   -0.200
1896-05-01,   -0.496
1896-06-01,   -0.764
1896-07-01,   -0.678
1896-08-01,   -0.618
1896-09-01,   -0.747
1896-10-01,   -0.763
1896-11-01,   -0.518
1896-12-01,   -0.334
1897-01-01,   -0.145
1897-02-01,   -0.108
1897-03-01,    0.090
1897-04-01,   -0.055
1897-05-01,   -0.301
1897-06-01,   -0.479
1897-07-01,   -0.306
1897-08-01,   -0.268
1897-09-01,   -0.242
1897-10-01,   -0.193
1897-11-01,   -0.205
1897-12-01,   -0.122
1898-01-01,   -0.262
1898-02-01,   -0.301
1898-03-01,   -0.504
1898-04-01,   -0.762
1898-05-01,   -0.792
1898-06-01,   -0.767
1898-07-01,   -0.719
1898-08-01,   -0.802
1898-09-01,   -0.725
1898-10-01,   -0.698
1898-11-01,   -0.707
1898-12-01,   -0.696
1899-01-01,   -0.821
1899-02-01,   -0.767
1899-03-01,   -0.692
1899-04-01,   -0.728
1899-05-01,   -0.762
1899-06-01,   -0.942
1899-07-01,   -1.036
1899-08-01,   -0.934
1899-09-01,   -0.994
1899-10-01,   -0.957
1899-11-01,   -0.879
1899-12-01,   -0.753
1900-01-01,   -0.663
1900-02-01,   -0.429
1900-03-01,   -0.307
1900-04-01,   -0.311
1900-05-01,   -0.501
1900-06-01,   -0.540
1900-07-01,   -0.413
1900-08-01,   -0.518
1900-09-01,   -0.372
1900-10-01,   -0.275
1900-11-01,   -0.148
1900-12-01,   -0.201
1901-01-01,   -0.311
1901-02-01,   -0.562
1901-03-01,   -0.528
1901-04-01,   -0.622
1901-05-01,   -0.803
1901-06-01,   -0.872
1901-07-01,   -0.902
1901-08-01,   -0.870
1901-09-01,   -0.956
1901-10-01,   -0.983
1901-11-01,   -0.663
1901-12-01,   -0.722
1902-01-01,   -0.800
1902-02-01,   -0.783
1902-03-01,   -0.897
1902-04-01,   -0.825
1902-05-01,   -0.909
1902-06-01,   -1.144
1902-07-01,   -1.109
1902-08-01,   -1.119
1902-09-01,   -1.234
1902-10-01,   -1.018
1902-11-01,   -0.908
1902-12-01,   -0.709
1903-01-01,   -0.531
1903-02-01,   -0.660
1903-03-01,   -0.857
1903-04-01,   -0.997
1903-05-01,   -0.882
1903-06-01,   -0.806
1903-07-01,   -0.752
1903-08-01,   -0.711
1903-09-01,   -0.770
1903-10-01,   -0.752
1903-11-01,   -0.894
1903-12-01,   -0.912
1904-01-01,   -0.803
1904-02-01,   -0.865
1904-03-01,   -1.049
1904-04-01,   -1.166
1904-05-01,   -1.309
1904-06-01,   -1.309
1904-07-01,   -1.181
1904-08-01,   -1.246
1904-09-01,   -1.324
1904-10-01,   -1.108
1904-11-01,   -1.024
1904-12-01,   -0.983
1905-01-01,   -0.989
1905-02-01,   -0.932
1905-03-01,   -0.854
1905-04-01,   -0.897
1905-05-01,   -0.961
1905-06-01,   -0.868
1905-07-01,   -1.116
1905-08-01,   -1.207
1905-09-01,   -1.028
1905-10-01,   -0.971
1905-11-01,   -0.754
1905-12-01,   -0.601
1906-01-01,   -0.582
1906-02-01,   -0.482
1906-03-01,   -0.778
1906-04-01,   -0.844
1906-05-01,   -0.889
1906-06-01,   -0.768
1906-07-01,   -0.635
1906-08-01,   -0.602
1906-09-01,   -0.632
1906-10-01,   -0.675
1906-11-01,   -0.744
1906-12-01,   -0.760
1907-01-01,   -0.743
1907-02-01,   -0.775
1907-03-01,   -0.868
1907-04-01,   -0.902
1907-05-01,   -0.932
1907-06-01,   -0.809
1907-07-01,   -0.876
1907-08-01,   -0.935
1907-09-01,   -0.891
1907-10-01,   -0.745
1907-11-01,   -0.579
1907-12-01,   -0.565
1908-01-01,   -0.578
1908-02-01,   -0.569
1908-03-01,   -0.781
1908-04-01,   -0.689
1908-05-01,   -0.737
1908-06-01,   -0.981
1908-07-01,   -1.037
1908-08-01,   -1.003
1908-09-01,   -1.052
1908-10-01,   -0.984
1908-11-01,   -0.942
1908-12-01,   -1.011
1909-01-01,   -0.687
1909-02-01,   -0.698
1909-03-01,   -0.792
1909-04-01,   -0.832
1909-05-01,   -0.888
1909-06-01,   -0.915
1909-07-01,   -0.873
1909-08-01,   -0.809
1909-09-01,   -0.773
1909-10-01,   -0.846
1909-11-01,   -0.881
1909-12-01,   -0.851
1910-01-01,   -0.663
1910-02-01,   -0.731
1910-03-01,   -0.815
1910-04-01,   -0.882
1910-05-01,   -0.803
1910-06-01,   -0.868
1910-07-01,   -0.860
1910-08-01,   -0.929
1910-09-01,   -0.796
1910-10-01,   -0.828
1910-11-01,   -0.913
1910-12-01,   -0.956
1911-01-01,   -0.816
1911-02-01,   -0.726
1911-03-01,   -0.651
1911-04-01,   -0.961
1911-05-01,   -1.005
1911-06-01,   -1.071
1911-07-01,   -1.098
1911-08-01,   -1.070
1911-09-01,   -1.069
1911-10-01,   -0.945
1911-11-01,   -0.909
1911-12-01,   -0.787
1912-01-01,   -0.862
1912-02-01,   -0.703
1912-03-01,   -0.835
1912-04-01,   -0.732
1912-05-01,   -0.725
1912-06-01,   -0.677
1912-07-01,   -0.691
1912-08-01,   -0.763
1912-09-01,   -0.769
1912-10-01,   -0.760
1912-11-01,   -0.753
1912-12-01,   -0.745
1913-01-01,   -0.847
1913-02-01,   -0.807
1913-03-01,   -0.855
1913-04-01,   -0.943
1913-05-01,   -0.961
1913-06-01,   -0.983
1913-07-01,   -1.035
1913-08-01,   -0.999
1913-09-01,   -1.063
1913-10-01,   -0.955
1913-11-01,   -0.818
1913-12-01,   -0.714
1914-01-01,   -0.729
1914-02-01,   -0.573
1914-03-01,   -0.565
1914-04-01,   -0.571
1914-05-01,   -0.705
1914-06-01,   -0.825
1914-07-01,   -0.923
1914-08-01,   -0.975
1914-09-01,   -0.987
1914-10-01,   -0.815
1914-11-01,   -0.543
1914-12-01,   -0.483
1915-01-01,   -0.459
1915-02-01,   -0.398
1915-03-01,   -0.427
1915-04-01,   -0.605
1915-05-01,   -0.636
1915-06-01,   -0.636
1915-07-01,   -0.556
1915-08-01,   -0.454
1915-09-01,   -0.492
1915-10-01,   -0.572
1915-11-01,   -0.627
1915-12-01,   -0.679
1916-01-01,   -0.748
1916-02-01,   -0.743
1916-03-01,   -0.760
1916-04-01,   -0.799
1916-05-01,   -0.912
1916-06-01,   -0.913
1916-07-01,   -0.607
1916-08-01,   -0.518
1916-09-01,   -0.639
1916-10-01,   -0.674
1916-11-01,   -0.915
1916-12-01,   -1.025
1917-01-01,   -0.996
1917-02-01,   -1.068
1917-03-01,   -1.291
1917-04-01,   -1.430
1917-05-01,   -1.150
1917-06-01,   -0.869
1917-07-01,   -0.731
1917-08-01,   -0.622
1917-09-01,   -0.705
1917-10-01,   -0.889
1917-11-01,   -0.894
1917-12-01,   -0.800
1918-01-01,   -0.996
1918-02-01,   -1.265
1918-03-01,   -1.285
1918-04-01,   -1.303
1918-05-01,   -1.126
1918-06-01,   -1.139
1918-07-01,   -0.882
1918-08-01,   -0.915
1918-09-01,   -0.974
1918-10-01,   -0.752
1918-11-01,   -0.555
1918-12-01,   -0.521
1919-01-01,   -0.395
1919-02-01,   -0.504
1919-03-01,   -0.542
1919-04-01,   -0.674
1919-05-01,   -0.741
1919-06-01,   -0.931
1919-07-01,   -1.017
1919-08-01,   -1.408
1919-09-01,   -1.234
1919-10-01,   -1.091
1919-11-01,   -1.100
1919-12-01,   -1.001
1920-01-01,   -0.883
1920-02-01,   -0.702
1920-03-01,   -0.709
1920-04-01,   -0.783
1920-05-01,   -0.796
1920-06-01,   -0.774
1920-07-01,   -0.945
1920-08-01,   -0.965
1920-09-01,   -0.935
1920-10-01,   -0.896
1920-11-01,   -0.867
1920-12-01,   -0.636
1921-01-01,   -0.540
1921-02-01,   -0.653
1921-03-01,   -0.687
1921-04-01,   -0.681
1921-05-01,   -0.736
1921-06-01,   -0.602
1921-07-01,   -0.598
1921-08-01,   -0.607
1921-09-01,   -0.575
1921-10-01,   -0.446
1921-11-01,   -0.553
1921-12-01,   -0.464
1922-01-01,   -0.511
1922-02-01,   -0.440
1922-03-01,   -0.489
1922-04-01,   -0.682
1922-05-01,   -0.611
1922-06-01,   -0.661
1922-07-01,   -0.770
1922-08-01,   -0.794
1922-09-01,   -0.784
1922-10-01,   -0.636
1922-11-01,   -0.610
1922-12-01,   -0.698
1923-01-01,   -0.813
1923-02-01,   -0.712
1923-03-01,   -0.811
1923-04-01,   -0.647
1923-05-01,   -0.835
1923-06-01,   -0.846
1923-07-01,   -0.897
1923-08-01,   -1.043
1923-09-01,   -1.140
1923-10-01,   -0.847
1923-11-01,   -0.718
1923-12-01,   -0.487
1924-01-01,   -0.545
1924-02-01,   -0.398
1924-03-01,   -0.365
1924-04-01,   -0.410
1924-05-01,   -0.539
1924-06-01,   -0.624
1924-07-01,   -0.657
1924-08-01,   -0.804
1924-09-01,   -0.802
1924-10-01,   -0.935
1924-11-01,   -0.970
1924-12-01,   -0.957
1925-01-01,   -0.928
1925-02-01,   -0.931
1925-03-01,   -1.046
1925-04-01,   -1.095
1925-05-01,   -0.971
1925-06-01,   -0.892
1925-07-01,   -0.774
1925-08-01,   -0.823
1925-09-01,   -0.760
1925-10-01,   -0.729
1925-11-01,   -0.612
1925-12-01,   -0.461
1926-01-01,   -0.435
1926-02-01,   -0.487
1926-03-01,   -0.507
1926-04-01,   -0.552
1926-05-01,   -0.543
1926-06-01,   -0.615
1926-07-01,   -0.644
1926-08-01,   -0.637
1926-09-01,   -0.689
1926-10-01,   -0.702
1926-11-01,   -0.801
1926-12-01,   -0.718
1927-01-01,   -0.778
1927-02-01,   -0.483
1927-03-01,   -0.694
1927-04-01,   -0.753
1927-05-01,   -0.953
1927-06-01,   -0.851
1927-07-01,   -0.799
1927-08-01,   -0.838
1927-09-01,   -0.694
1927-10-01,   -0.666
1927-11-01,   -0.534
1927-12-01,   -0.404
1928-01-01,   -0.239
1928-02-01,   -0.224
1928-03-01,   -0.411
1928-04-01,   -0.567
1928-05-01,   -0.693
1928-06-01,   -0.883
1928-07-01,   -0.937
1928-08-01,   -0.911
1928-09-01,   -0.907
1928-10-01,   -1.020
1928-11-01,   -0.750
1928-12-01,   -0.713
1929-01-01,   -0.753
1929-02-01,   -0.793
1929-03-01,   -0.812
1929-04-01,   -0.855
1929-05-01,   -1.002
1929-06-01,   -1.130
1929-07-01,   -1.084
1929-08-01,   -0.944
1929-09-01,   -0.847
1929-10-01,   -0.848
1929-11-01,   -0.764
1929-12-01,   -0.612
1930-01-01,   -0.753
1930-02-01,   -0.722
1930-03-01,   -0.756
1930-04-01,   -0.675
1930-05-01,   -0.915
1930-06-01,   -0.902
1930-07-01,   -0.897
1930-08-01,   -0.890
1930-09-01,   -0.819
1930-10-01,   -0.717
1930-11-01,   -0.665
1930-12-01,   -0.683
1931-01-01,   -0.441
1931-02-01,   -0.380
1931-03-01,   -0.400
1931-04-01,   -0.552
1931-05-01,   -0.523
1931-06-01,   -0.544
1931-07-01,   -0.564
1931-08-01,   -0.591
1931-09-01,   -0.471
1931-10-01,   -0.598
1931-11-01,   -0.643
1931-12-01,   -0.593
1932-01-01,   -0.765
1932-02-01,   -0.705
1932-03-01,   -0.634
1932-04-01,   -0.779
1932-05-01,   -0.937
1932-06-01,   -0.950
1932-07-01,   -0.956
1932-08-01,   -0.765
1932-09-01,   -0.829
1932-10-01,   -0.890
1932-11-01,   -0.879
1932-12-01,   -0.844
1933-01-01,   -0.616
1933-02-01,   -0.688
1933-03-01,   -0.752
1933-04-01,   -0.839
1933-05-01,   -0.818
1933-06-01,   -0.879
1933-07-01,   -0.792
1933-08-01,   -0.738
1933-09-01,   -0.726
1933-10-01,   -0.819
1933-11-01,   -0.879
1933-12-01,   -0.916
1934-01-01,   -0.940
1934-02-01,   -0.980
1934-03-01,   -1.051
1934-04-01,   -1.024
1934-05-01,   -1.124
1934-06-01,   -0.869
1934-07-01,   -0.792
1934-08-01,   -0.686
1934-09-01,   -0.727
1934-10-01,   -0.756
1934-11-01,   -0.725
1934-12-01,   -0.733
1935-01-01,   -0.792
1935-02-01,   -0.654
1935-03-01,   -0.814
1935-04-01,   -0.777
1935-05-01,   -0.846
1935-06-01,   -0.891
1935-07-01,   -0.959
1935-08-01,   -0.798
1935-09-01,   -0.803
1935-10-01,   -0.864
1935-11-01,   -0.784
1935-12-01,   -0.696
1936-01-01,   -0.680
1936-02-01,   -0.565
1936-03-01,   -0.609
1936-04-01,   -0.659
1936-05-01,   -0.816
1936-06-01,   -0.809
1936-07-01,   -0.662
1936-08-01,   -0.576
1936-09-01,   -0.586
1936-10-01,   -0.640
1936-11-01,   -0.731
1936-12-01,   -0.646
1937-01-01,   -0.665
1937-02-01,   -0.554
1937-03-01,   -0.668
1937-04-01,   -0.689
1937-05-01,   -0.748
1937-06-01,   -0.617
1937-07-01,   -0.649
1937-08-01,   -0.600
1937-09-01,   -0.657
1937-10-01,   -0.710
1937-11-01,   -0.705
1937-12-01,   -0.640
1938-01-01,   -0.558
1938-02-01,   -0.460
1938-03-01,   -0.491
1938-04-01,   -0.644
1938-05-01,   -0.662
1938-06-01,   -0.717
1938-07-01,   -0.761
1938-08-01,   -0.607
1938-09-01,   -0.820
1938-10-01,   -0.716
1938-11-01,   -0.815
1938-12-01,   -0.797
1939-01-01,   -0.817
1939-02-01,   -0.850
1939-03-01,   -0.800
1939-04-01,   -0.724
1939-05-01,   -0.899
1939-06-01,   -0.928
1939-07-01,   -0.751
1939-08-01,   -0.693
1939-09-01,   -0.701
1939-10-01,   -0.732
1939-11-01,   -0.734
1939-12-01,   -0.623
1940-01-01,   -0.745
1940-02-01,   -0.740
1940-03-01,   -0.528
1940-04-01,   -0.454
1940-05-01,   -0.633
1940-06-01,   -0.808
1940-07-01,   -0.738
1940-08-01,   -0.723
1940-09-01,   -0.569
1940-10-01,   -0.631
1940-11-01,   -0.570
1940-12-01,   -0.554
1941-01-01,   -0.341
1941-02-01,   -0.334
1941-03-01,   -0.283
1941-04-01,   -0.294
1941-05-01,   -0.365
1941-06-01,   -0.343
1941-07-01,   -0.357
1941-08-01,   -0.325
1941-09-01,   -0.267
1941-10-01,   -0.087
1941-11-01,   -0.124
1941-12-01,   -0.185
1942-01-01,   -0.269
1942-02-01,   -0.285
1942-03-01,   -0.455
1942-04-01,   -0.382
1942-05-01,   -0.296
1942-06-01,   -0.300
1942-07-01,   -0.291
1942-08-01,   -0.288
1942-09-01,   -0.367
1942-10-01,   -0.393
1942-11-01,   -0.459
1942-12-01,   -0.515
1943-01-01,   -0.542
1943-02-01,   -0.513
1943-03-01,   -0.607
1943-04-01,   -0.659
1943-05-01,   -0.728
1943-06-01,   -0.793
1943-07-01,   -0.886
1943-08-01,   -0.646
1943-09-01,   -0.188
1943-10-01,   -0.200
1943-11-01,   -0.138
1943-12-01,   -0.306
1944-01-01,   -0.386
1944-02-01,   -0.420
1944-03-01,   -0.459
1944-04-01,   -0.523
1944-05-01,   -0.428
1944-06-01,   -0.250
1944-07-01,   -0.158
1944-08-01,   -0.031
1944-09-01,   -0.053
1944-10-01,   -0.136
1944-11-01,   -0.095
1944-12-01,    0.031
1945-01-01,    0.104
1945-02-01,    0.058
1945-03-01,   -0.197
1945-04-01,   -0.308
1945-05-01,   -0.274
1945-06-01,   -0.301
1945-07-01,   -0.239
1945-08-01,   -0.171
1945-09-01,    0.056
1945-10-01,   -0.144
1945-11-01,   -0.228
1945-12-01,   -0.098
1946-01-01,   -0.146
1946-02-01,    0.063
1946-03-01,    0.119
1946-04-01,    0.068
1946-05-01,   -0.219
1946-06-01,   -0.704
1946-07-01,   -0.739
1946-08-01,   -0.642
1946-09-01,   -0.628
1946-10-01,   -0.634
1946-11-01,   -0.704
1946-12-01,   -0.668
1947-01-01,   -0.533
1947-02-01,   -0.557
1947-03-01,   -0.577
1947-04-01,   -0.631
1947-05-01,   -0.556
1947-06-01,   -0.510
1947-07-01,   -0.493
1947-08-01,   -0.578
1947-09-01,   -0.703
1947-10-01,   -0.816
1947-11-01,   -0.890
1947-12-01,   -0.849
1948-01-01,   -0.769
1948-02-01,   -0.671
1948-03-01,   -0.844
1948-04-01,   -0.743
1948-05-01,   -0.846
1948-06-01,   -0.752
1948-07-01,   -0.786
1948-08-01,   -0.743
1948-09-01,   -0.877
1948-10-01,   -0.803
1948-11-01,   -0.848
1948-12-01,   -0.714
1949-01-01,   -0.769
1949-02-01,   -0.789
1949-03-01,   -0.795
1949-04-01,   -0.893
1949-05-01,   -0.981
1949-06-01,   -0.866
1949-07-01,   -0.693
1949-08-01,   -0.933
1949-09-01,   -1.006
1949-10-01,   -0.989
1949-11-01,   -0.865
1949-12-01,   -0.847
1950-01-01,   -0.656
1950-02-01,   -0.545
1950-03-01,   -0.571
1950-04-01,   -0.676
1950-05-01,   -0.701
1950-06-01,   -0.519
1950-07-01,   -0.584
1950-08-01,   -0.615
1950-09-01,   -0.914
1950-10-01,   -0.830
1950-11-01,   -0.767
1950-12-01,   -0.841
1951-01-01,   -0.729
1951-02-01,   -0.837
1951-03-01,   -0.799
1951-04-01,   -0.799
1951-05-01,   -0.675
1951-06-01,   -0.773
1951-07-01,   -0.808
1951-08-01,   -0.890
1951-09-01,   -0.645
1951-10-01,   -0.512
1951-11-01,   -0.585
1951-12-01,   -0.557
1952-01-01,   -0.541
1952-02-01,   -0.536
1952-03-01,   -0.621
1952-04-01,   -0.622
1952-05-01,   -0.668
1952-06-01,   -0.804
1952-07-01,   -0.853
1952-08-01,   -0.931
1952-09-01,   -0.745
1952-10-01,   -0.693
1952-11-01,   -0.802
1952-12-01,   -0.797
1953-01-01,   -0.657
1953-02-01,   -0.556
1953-03-01,   -0.492
1953-04-01,   -0.554
1953-05-01,   -0.628
1953-06-01,   -0.676
1953-07-01,   -0.666
1953-08-01,   -0.680
1953-09-01,   -0.820
1953-10-01,   -0.678
1953-11-01,   -0.640
1953-12-01,   -0.498
1954-01-01,   -0.487
1954-02-01,   -0.404
1954-03-01,   -0.486
1954-04-01,   -0.572
1954-05-01,   -0.723
1954-06-01,   -0.672
1954-07-01,   -0.683
1954-08-01,   -0.594
1954-09-01,   -0.760
1954-10-01,   -0.803
1954-11-01,   -0.885
1954-12-01,   -0.891
1955-01-01,   -0.538
1955-02-01,   -0.643
1955-03-01,   -0.734
1955-04-01,   -0.909
1955-05-01,   -1.068
1955-06-01,   -1.027
1955-07-01,   -0.816
1955-08-01,   -0.686
1955-09-01,   -0.566
1955-10-01,   -0.726
1955-11-01,   -0.805
1955-12-01,   -0.808
1956-01-01,   -0.732
1956-02-01,   -0.715
1956-03-01,   -0.617
1956-04-01,   -0.702
1956-05-01,   -0.857
1956-06-01,   -0.822
1956-07-01,   -0.746
1956-08-01,   -0.767
1956-09-01,   -0.811
1956-10-01,   -0.701
1956-11-01,   -0.613
1956-12-01,   -0.581
1957-01-01,   -0.511
1957-02-01,   -0.562
1957-03-01,   -0.519
1957-04-01,   -0.458
1957-05-01,   -0.371
1957-06-01,   -0.566
1957-07-01,   -0.645
1957-08-01,   -0.595
1957-09-01,   -0.718
1957-10-01,   -0.638
1957-11-01,   -0.587
1957-12-01,   -0.542
1958-01-01,   -0.330
1958-02-01,   -0.234
1958-03-01,   -0.317
1958-04-01,   -0.415
1958-05-01,   -0.507
1958-06-01,   -0.528
1958-07-01,   -0.491
1958-08-01,   -0.472
1958-09-01,   -0.462
1958-10-01,   -0.540
1958-11-01,   -0.704
1958-12-01,   -0.630
1959-01-01,   -0.588
1959-02-01,   -0.412
1959-03-01,   -0.476
1959-04-01,   -0.539
1959-05-01,   -0.431
1959-06-01,   -0.530
1959-07-01,   -0.585
1959-08-01,   -0.567
1959-09-01,   -0.548
1959-10-01,   -0.529
1959-11-01,   -0.477
1959-12-01,   -0.465
1960-01-01,   -0.453
1960-02-01,   -0.503
1960-03-01,   -0.419
1960-04-01,   -0.449
1960-05-01,   -0.408
1960-06-01,   -0.623
1960-07-01,   -0.571
1960-08-01,   -0.592
1960-09-01,   -0.568
1960-10-01,   -0.606
1960-11-01,   -0.499
1960-12-01,   -0.453
1961-01-01,   -0.471
1961-02-01,   -0.415
1961-03-01,   -0.502
1961-04-01,   -0.533
1961-05-01,   -0.651
1961-06-01,   -0.727
1961-07-01,   -0.739
1961-08-01,   -0.734
1961-09-01,   -0.725
1961-10-01,   -0.691
1961-11-01,   -0.639
1961-12-01,   -0.467
1962-01-01,   -0.473
1962-02-01,   -0.630
1962-03-01,   -0.539
1962-04-01,   -0.497
1962-05-01,   -0.576
1962-06-01,   -0.507
1962-07-01,   -0.432
1962-08-01,   -0.433
1962-09-01,   -0.478
1962-10-01,   -0.429
1962-11-01,   -0.559
1962-12-01,   -0.526
1963-01-01,   -0.540
1963-02-01,   -0.612
1963-03-01,   -0.629
1963-04-01,   -0.520
1963-05-01,   -0.372
1963-06-01,   -0.503
1963-07-01,   -0.554
1963-08-01,   -0.488
1963-09-01,   -0.530
1963-10-01,   -0.615
1963-11-01,   -0.527
1963-12-01,   -0.461
1964-01-01,   -0.250
1964-02-01,   -0.245
1964-03-01,   -0.359
1964-04-01,   -0.263
1964-05-01,   -0.473
1964-06-01,   -0.470
1964-07-01,   -0.450
1964-08-01,   -0.558
1964-09-01,   -0.469
1964-10-01,   -0.496
1964-11-01,   -0.832
1964-12-01,   -0.857
1965-01-01,   -0.804
1965-02-01,   -0.678
1965-03-01,   -0.842
1965-04-01,   -0.713
1965-05-01,   -0.762
1965-06-01,   -0.814
1965-07-01,   -0.941
1965-08-01,   -0.851
1965-09-01,   -0.800
1965-10-01,   -0.769
1965-11-01,   -0.665
1965-12-01,   -0.651
1966-01-01,   -0.553
1966-02-01,   -0.349
1966-03-01,   -0.459
1966-04-01,   -0.587
1966-05-01,   -0.733
1966-06-01,   -0.673
1966-07-01,   -0.580
1966-08-01,   -0.611
1966-09-01,   -0.470
1966-10-01,   -0.517
1966-11-01,   -0.481
1966-12-01,   -0.526
1967-01-01,   -0.657
1967-02-01,   -0.766
1967-03-01,   -0.737
1967-04-01,   -0.649
1967-05-01,   -0.588
1967-06-01,   -0.573
1967-07-01,   -0.691
1967-08-01,   -0.653
1967-09-01,   -0.592
1967-10-01,   -0.598
1967-11-01,   -0.729
1967-12-01,   -0.646
1968-01-01,   -0.754
1968-02-01,   -0.766
1968-03-01,   -0.717
1968-04-01,   -0.743
1968-05-01,   -0.675
1968-06-01,   -0.422
1968-07-01,   -0.428
1968-08-01,   -0.500
1968-09-01,   -0.459
1968-10-01,   -0.399
1968-11-01,   -0.521
1968-12-01,   -0.480
1969-01-01,   -0.355
1969-02-01,   -0.364
1969-03-01,   -0.280
1969-04-01,   -0.184
1969-05-01,   -0.224
1969-06-01,   -0.299
1969-07-01,   -0.364
1969-08-01,   -0.315
1969-09-01,   -0.245
1969-10-01,   -0.241
1969-11-01,   -0.274
1969-12-01,   -0.227
1970-01-01,   -0.119
1970-02-01,   -0.206
1970-03-01,   -0.100
1970-04-01,   -0.290
1970-05-01,   -0.317
1970-06-01,   -0.355
1970-07-01,   -0.285
1970-08-01,   -0.258
1970-09-01,   -0.284
1970-10-01,   -0.313
1970-11-01,   -0.353
1970-12-01,   -0.525
1971-01-01,   -0.478
1971-02-01,   -0.571
1971-03-01,   -0.646
1971-04-01,   -0.635
1971-05-01,   -0.636
1971-06-01,   -0.720
1971-07-01,   -0.660
1971-08-01,   -0.491
1971-09-01,   -0.422
1971-10-01,   -0.549
1971-11-01,   -0.601
1971-12-01,   -0.648
1972-01-01,   -0.575
1972-02-01,   -0.439
1972-03-01,   -0.633
1972-04-01,   -0.629
1972-05-01,   -0.651
1972-06-01,   -0.628
1972-07-01,   -0.676
1972-08-01,   -0.652
1972-09-01,   -0.571
1972-10-01,   -0.442
1972-11-01,   -0.319
1972-12-01,   -0.223
1973-01-01,   -0.176
1973-02-01,   -0.226
1973-03-01,   -0.244
1973-04-01,   -0.248
1973-05-01,   -0.381
1973-06-01,   -0.310
1973-07-01,   -0.295
1973-08-01,   -0.205
1973-09-01,   -0.143
1973-10-01,   -0.295
1973-11-01,   -0.433
1973-12-01,   -0.518
1974-01-01,   -0.789
1974-02-01,   -0.775
1974-03-01,   -0.755
1974-04-01,   -0.735
1974-05-01,   -0.627
1974-06-01,   -0.651
1974-07-01,   -0.507
1974-08-01,   -0.456
1974-09-01,   -0.399
1974-10-01,   -0.494
1974-11-01,   -0.608
1974-12-01,   -0.638
1975-01-01,   -0.626
1975-02-01,   -0.580
1975-03-01,   -0.584
1975-04-01,   -0.646
1975-05-01,   -0.538
1975-06-01,   -0.670
1975-07-01,   -0.421
1975-08-01,   -0.422
1975-09-01,   -0.405
1975-10-01,   -0.590
1975-11-01,   -0.718
1975-12-01,   -0.824
1976-01-01,   -0.754
1976-02-01,   -0.757
1976-03-01,   -0.737
1976-04-01,   -0.630
1976-05-01,   -0.697
1976-06-01,   -0.638
1976-07-01,   -0.593
1976-08-01,   -0.575
1976-09-01,   -0.651
1976-10-01,   -0.449
1976-11-01,   -0.393
1976-12-01,   -0.460
1977-01-01,   -0.401
1977-02-01,   -0.384
1977-03-01,   -0.526
1977-04-01,   -0.432
1977-05-01,   -0.398
1977-06-01,   -0.366
1977-07-01,   -0.529
1977-08-01,   -0.462
1977-09-01,   -0.485
1977-10-01,   -0.537
1977-11-01,   -0.465
1977-12-01,   -0.434
1978-01-01,   -0.284
1978-02-01,   -0.345
1978-03-01,   -0.276
1978-04-01,   -0.379
1978-05-01,   -0.455
1978-06-01,   -0.347
1978-07-01,   -0.317
1978-08-01,   -0.398
1978-09-01,   -0.488
1978-10-01,   -0.636
1978-11-01,   -0.570
1978-12-01,   -0.435
1979-01-01,   -0.272
1979-02-01,   -0.186
1979-03-01,   -0.189
1979-04-01,   -0.284
1979-05-01,   -0.380
1979-06-01,   -0.350
1979-07-01,   -0.472
1979-08-01,   -0.439
1979-09-01,   -0.447
1979-10-01,   -0.409
1979-11-01,   -0.329
1979-12-01,   -0.260
1980-01-01,   -0.279
1980-02-01,   -0.382
1980-03-01,   -0.272
1980-04-01,   -0.351
1980-05-01,   -0.213
1980-06-01,   -0.312
1980-07-01,   -0.294
1980-08-01,   -0.327
1980-09-01,   -0.381
1980-10-01,   -0.291
1980-11-01,   -0.197
1980-12-01,   -0.200
1981-01-01,   -0.299
1981-02-01,   -0.333
1981-03-01,   -0.229
1981-04-01,   -0.358
1981-05-01,   -0.232
1981-06-01,   -0.190
1981-07-01,   -0.094
1981-08-01,   -0.249
1981-09-01,   -0.186
1981-10-01,   -0.034
1981-11-01,   -0.155
1981-12-01,   -0.307
1982-01-01,   -0.327
1982-02-01,   -0.306
1982-03-01,   -0.342
1982-04-01,   -0.344
1982-05-01,   -0.310
1982-06-01,   -0.423
1982-07-01,   -0.607
1982-08-01,   -0.540
1982-09-01,   -0.495
1982-10-01,   -0.433
1982-11-01,   -0.373
1982-12-01,   -0.135
1983-01-01,   -0.212
1983-02-01,   -0.153
1983-03-01,   -0.174
1983-04-01,   -0.148
1983-05-01,   -0.201
1983-06-01,   -0.106
1983-07-01,   -0.269
1983-08-01,   -0.190
1983-09-01,   -0.082
1983-10-01,   -0.150
1983-11-01,   -0.309
1983-12-01,   -0.375
1984-01-01,   -0.301
1984-02-01,   -0.404
1984-03-01,   -0.317
1984-04-01,   -0.328
1984-05-01,   -0.435
1984-06-01,   -0.593
1984-07-01,   -0.525
1984-08-01,   -0.464
1984-09-01,   -0.288
1984-10-01,   -0.382
1984-11-01,   -0.294
1984-12-01,   -0.451
1985-01-01,   -0.350
1985-02-01,   -0.275
1985-03-01,   -0.293
1985-04-01,   -0.293
1985-05-01,   -0.367
1985-06-01,   -0.478
1985-07-01,   -0.431
1985-08-01,   -0.453
1985-09-01,   -0.382
1985-10-01,   -0.434
1985-11-01,   -0.359
1985-12-01,   -0.246
1986-01-01,   -0.396
1986-02-01,   -0.318
1986-03-01,   -0.464
1986-04-01,   -0.381
1986-05-01,   -0.186
1986-06-01,   -0.232
1986-07-01,   -0.202
1986-08-01,   -0.382
1986-09-01,   -0.564
1986-10-01,   -0.338
1986-11-01,   -0.364
1986-12-01,   -0.364
1987-01-01,   -0.318
1987-02-01,   -0.408
1987-03-01,   -0.223
1987-04-01,   -0.245
1987-05-01,   -0.068
1987-06-01,   -0.129
1987-07-01,   -0.196
1987-08-01,   -0.173
1987-09-01,   -0.126
1987-10-01,   -0.077
1987-11-01,    0.012
1987-12-01,   -0.111
1988-01-01,    0.010
1988-02-01,    0.215
1988-03-01,    0.156
1988-04-01,    0.079
1988-05-01,   -0.039
1988-06-01,   -0.098
1988-07-01,   -0.007
1988-08-01,    0.161
1988-09-01,    0.222
1988-10-01,    0.106
1988-11-01,   -0.175
1988-12-01,   -0.347
1989-01-01,   -0.207
1989-02-01,   -0.332
1989-03-01,   -0.270
1989-04-01,   -0.307
1989-05-01,   -0.324
1989-06-01,   -0.389
1989-07-01,   -0.218
1989-08-01,   -0.207
1989-09-01,   -0.061
1989-10-01,   -0.102
1989-11-01,   -0.170
1989-12-01,   -0.199
1990-01-01,   -0.204
1990-02-01,    0.004
1990-03-01,   -0.143
1990-04-01,   -0.126
1990-05-01,   -0.069
1990-06-01,   -0.156
1990-07-01,   -0.126
1990-08-01,   -0.170
1990-09-01,   -0.276
1990-10-01,   -0.133
1990-11-01,   -0.188
1990-12-01,   -0.217
1991-01-01,   -0.148
1991-02-01,   -0.191
1991-03-01,   -0.166
1991-04-01,   -0.156
1991-05-01,   -0.141
1991-06-01,   -0.167
1991-07-01,   -0.080
1991-08-01,   -0.105
1991-09-01,   -0.238
1991-10-01,   -0.305
1991-11-01,   -0.352
1991-12-01,   -0.403
1992-01-01,   -0.359
1992-02-01,   -0.286
1992-03-01,   -0.340
1992-04-01,   -0.252
1992-05-01,   -0.162
1992-06-01,   -0.177
1992-07-01,   -0.218
1992-08-01,   -0.246
1992-09-01,   -0.270
1992-10-01,   -0.315
1992-11-01,   -0.482
1992-12-01,   -0.505
1993-01-01,   -0.503
1993-02-01,   -0.584
1993-03-01,   -0.405
1993-04-01,   -0.410
1993-05-01,   -0.435
1993-06-01,   -0.367
1993-07-01,   -0.441
1993-08-01,   -0.477
1993-09-01,   -0.416
1993-10-01,   -0.553
1993-11-01,   -0.303
1993-12-01,   -0.391
1994-01-01,   -0.355
1994-02-01,   -0.170
1994-03-01,   -0.280
1994-04-01,   -0.272
1994-05-01,   -0.294
1994-06-01,   -0.369
1994-07-01,   -0.417
1994-08-01,   -0.406
1994-09-01,   -0.546
1994-10-01,   -0.382
1994-11-01,   -0.319
1994-12-01,   -0.266
1995-01-01,   -0.241
1995-02-01,   -0.165
1995-03-01,   -0.284
1995-04-01,   -0.175
1995-05-01,   -0.145
1995-06-01,   -0.060
1995-07-01,   -0.008
1995-08-01,    0.047
1995-09-01,   -0.062
1995-10-01,   -0.043
1995-11-01,   -0.073
1995-12-01,   -0.203
1996-01-01,   -0.163
1996-02-01,   -0.128
1996-03-01,   -0.137
1996-04-01,   -0.193
1996-05-01,   -0.209
1996-06-01,   -0.099
1996-07-01,    0.029
1996-08-01,   -0.008
1996-09-01,    0.039
1996-10-01,   -0.035
1996-11-01,   -0.066
1996-12-01,   -0.083
1997-01-01,   -0.214
1997-02-01,   -0.330
1997-03-01,   -0.306
1997-04-01,   -0.286
1997-05-01,   -0.339
1997-06-01,   -0.240
1997-07-01,   -0.328
1997-08-01,   -0.431
1997-09-01,   -0.371
1997-10-01,   -0.255
1997-11-01,   -0.250
1997-12-01,   -0.001
1998-01-01,    0.007
1998-02-01,    0.255
1998-03-01,    0.230
1998-04-01,    0.178
1998-05-01,    0.096
1998-06-01,    0.143
1998-07-01,    0.246
1998-08-01,    0.327
1998-09-01,    0.245
1998-10-01,    0.117
1998-11-01,   -0.026
1998-12-01,   -0.168
1999-01-01,   -0.112
1999-02-01,   -0.079
1999-03-01,   -0.007
1999-04-01,   -0.144
1999-05-01,   -0.332
1999-06-01,   -0.351
1999-07-01,   -0.233
1999-08-01,   -0.275
1999-09-01,   -0.161
1999-10-01,   -0.132
1999-11-01,   -0.167
1999-12-01,   -0.184
2000-01-01,   -0.100
2000-02-01,   -0.186
2000-03-01,   -0.295
2000-04-01,   -0.185
2000-05-01,   -0.265
2000-06-01,   -0.411
2000-07-01,   -0.269
2000-08-01,   -0.065
2000-09-01,    0.065
2000-10-01,    0.052
2000-11-01,    0.040
2000-12-01,   -0.108
2001-01-01,   -0.044
2001-02-01,   -0.042
2001-03-01,    0.039
2001-04-01,    0.066
2001-05-01,    0.057
2001-06-01,    0.053
2001-07-01,   -0.033
2001-08-01,   -0.044
2001-09-01,   -0.023
2001-10-01,    0.059
2001-11-01,   -0.023
2001-12-01,   -0.028
2002-01-01,   -0.003
2002-02-01,   -0.115
2002-03-01,   -0.007
2002-04-01,    0.166
2002-05-01,    0.162
2002-06-01,    0.144
2002-07-01,    0.058
2002-08-01,   -0.109
2002-09-01,   -0.068
2002-10-01,    0.035
2002-11-01,    0.094
2002-12-01,    0.201
2003-01-01,    0.156
2003-02-01,    0.208
2003-03-01,    0.115
2003-04-01,    0.156
2003-05-01,    0.104
2003-06-01,    0.087
2003-07-01,    0.090
2003-08-01,    0.061
2003-09-01,    0.075
2003-10-01,    0.100
2003-11-01,    0.046
2003-12-01,   -0.083
2004-01-01,    0.060
2004-02-01,    0.136
2004-03-01,    0.088
2004-04-01,    0.096
2004-05-01,   -0.174
2004-06-01,   -0.253
2004-07-01,   -0.231
2004-08-01,   -0.292
2004-09-01,   -0.190
2004-10-01,   -0.153
2004-11-01,   -0.055
2004-12-01,    0.020
2005-01-01,    0.068
2005-02-01,    0.184
2005-03-01,    0.199
2005-04-01,   -0.039
2005-05-01,    0.016
2005-06-01,    0.022
2005-07-01,    0.054
2005-08-01,    0.079
2005-09-01,   -0.008
2005-10-01,    0.063
2005-11-01,    0.024
2005-12-01,   -0.000
2006-01-01,   -0.005
2006-02-01,    0.045
2006-03-01,   -0.003
2006-04-01,   -0.097
2006-05-01,    0.035
2006-06-01,    0.050
2006-07-01,   -0.110
2006-08-01,   -0.146
2006-09-01,   -0.126
2006-10-01,   -0.241
2006-11-01,   -0.069
2006-12-01,    0.094
2007-01-01,    0.122
2007-02-01,    0.101
2007-03-01,   -0.025
2007-04-01,   -0.039
2007-05-01,    0.013
2007-06-01,    0.176
2007-07-01,    0.019
2007-08-01,    0.016
2007-09-01,    0.053
2007-10-01,   -0.001
2007-11-01,   -0.139
2007-12-01,   -0.140
2008-01-01,   -0.047
2008-02-01,   -0.197
2008-03-01,   -0.332
2008-04-01,   -0.346
2008-05-01,   -0.445
2008-06-01,   -0.419
2008-07-01,   -0.248
2008-08-01,   -0.074
2008-09-01,    0.119
2008-10-01,    0.077
2008-11-01,    0.010
2008-12-01,    0.009
2009-01-01,   -0.002
2009-02-01,   -0.042
2009-03-01,    0.093
2009-04-01,    0.050
2009-05-01,    0.116
2009-06-01,    0.154
2009-07-01,    0.182
2009-08-01,    0.227
2009-09-01,    0.063
2009-10-01,    0.082
2009-11-01,    0.047
2009-12-01,    0.036
2010-01-01,    0.073
2010-02-01,    0.243
2010-03-01,    0.275
2010-04-01,    0.311
2010-05-01,    0.373
2010-06-01,    0.389
2010-07-01,    0.354
2010-08-01,    0.262
2010-09-01,    0.319
2010-10-01,    0.237
2010-11-01,    0.161
2010-12-01,    0.025
2011-01-01,   -0.131
2011-02-01,   -0.111
2011-03-01,   -0.115
2011-04-01,   -0.237
2011-05-01,   -0.133
2011-06-01,   -0.147
2011-07-01,   -0.147
2011-08-01,   -0.053
2011-09-01,   -0.087
2011-10-01,   -0.009
2011-11-01,    0.102
2011-12-01,    0.152
2012-01-01,    0.105
2012-02-01,    0.044
2012-03-01,   -0.149
2012-04-01,    0.050
2012-05-01,    0.128
2012-06-01,   -0.048
2012-07-01,   -0.096
2012-08-01,   -0.008
2012-09-01,    0.027
2012-10-01,    0.054
2012-11-01,    0.119
2012-12-01,    0.229
2013-01-01,    0.146
2013-02-01,    0.220
2013-03-01,    0.192
2013-04-01,    0.180
2013-05-01,    0.147
2013-06-01,    0.027
2013-07-01,    0.052
2013-08-01,    0.054
2013-09-01,    0.120
2013-10-01,    0.084
2013-11-01,    0.202
2013-12-01,    0.135
2014-01-01,    0.109
2014-02-01,    0.011
2014-03-01,    0.030
2014-04-01,    0.121
2014-05-01,    0.307
2014-06-01,    0.321
2014-07-01,    0.111
2014-08-01,    0.134
2014-09-01,    0.159
2014-10-01,    0.149
2014-11-01,    0.195
2014-12-01,    0.273
2015-01-01,    0.170
2015-02-01,    0.150
2015-03-01,    0.188
2015-04-01,    0.143
2015-05-01,    0.204
2015-06-01,    0.232
2015-07-01,    0.106
2015-08-01,    0.116
2015-09-01,    0.146
2015-10-01,    0.137
2015-11-01,    0.283
2015-12-01,    0.426
2016-01-01,    0.540
2016-02-01,    0.449
2016-03-01,    0.640
2016-04-01,    0.572
2016-05-01,    0.541
2016-06-01,    0.453
2016-07-01,    0.468
2016-08-01,    0.415
2016-09-01,    0.344
2016-10-01,    0.301
2016-11-01,    0.231
2016-12-01,    0.165
2017-01-01,    0.165
2017-02-01,    0.083
2017-03-01,    0.131
2017-04-01,   -0.013
2017-05-01,    0.105
2017-06-01,    0.145
2017-07-01,    0.247
2017-08-01,    0.300
2017-09-01,    0.293
2017-10-01,    0.254
2017-11-01,    0.265
2017-12-01,    0.169
2018-01-01,    0.182
2018-02-01,    0.067
2018-03-01,    0.129
2018-04-01,    0.137
2018-05-01,    0.135
2018-06-01,    0.024
2018-07-01,    0.013
2018-08-01,    0.020
2018-09-01,    0.014
2018-10-01,    0.160
2018-11-01,    0.175
2018-12-01,    0.155
2019-01-01,    0.119
2019-02-01,    0.024
2019-03-01,    0.042
2019-04-01,    0.145
2019-05-01,    0.165
2019-06-01,    0.229
2019-07-01,    0.244
2019-08-01,    0.136
2019-09-01,    0.033
2019-10-01,    0.153
2019-11-01,    0.099
2019-12-01,    0.291
2020-01-01,    0.405
2020-02-01,    0.404
2020-03-01,    0.462
2020-04-01,    0.470
2020-05-01,    0.370
2020-06-01,    0.459
2020-07-01,    0.582
2020-08-01,    0.546
2020-09-01,    0.454
2020-10-01,    0.312
2020-11-01,    0.231
2020-12-01,    0.182
2021-01-01,    0.063
2021-02-01,    0.079
2021-03-01,    0.149
2021-04-01,    0.034
2021-05-01,    0.105
2021-06-01,    0.099
2021-07-01,    0.219
2021-08-01,    0.348
2021-09-01,    0.273
2021-10-01,    0.286
2021-11-01,    0.302
2021-12-01,    0.271
2022-01-01,    0.312
2022-02-01,    0.193
2022-03-01,    0.303
2022-04-01,    0.250
2022-05-01,    0.234
2022-06-01,    0.376
2022-07-01,    0.266
2022-08-01,    0.232
2022-09-01,    0.357
2022-10-01,    0.286
2022-11-01,    0.229
2022-12-01,    0.181
2023-01-01,    0.011
2023-02-01,    0.004
2023-03-01,    0.129
2023-04-01,    0.316
2023-05-01,    0.254
2023-06-01,    0.248
2023-07-01,    0.303
2023-08-01,    0.301
2023-09-01,    0.211
2023-10-01,    0.214
2023-11-01,    0.268
2023-12-01,    0.370
2024-01-01,    0.594
2024-02-01,    0.661
2024-03-01,    0.501
2024-04-01,    0.593
2024-05-01,    0.606
2024-06-01,    0.607
2024-07-01,    0.656
2024-08-01,    0.637
2024-09-01,    0.642
2024-10-01,    0.656
2024-11-01,    0.660
2024-12-01,    0.492
2025-01-01,    0.537
2025-02-01,    0.459
2025-03-01,    0.450
2025-04-01,    0.434
2025-05-01,    0.474
2025-06-01,-9999.000
2025-07-01,-9999.000
2025-08-01,-9999.000
2025-09-01,-9999.000
2025-10-01,-9999.000
2025-11-01,-9999.000
2025-12-01,-9999.000
