Date,   TNI  missing value -99.99 https://psl.noaa.gov/data/timeseries/month/
1870-01-01,-9999.000
1870-02-01,-9999.000
1870-03-01,    0.834
1870-04-01,    1.127
1870-05-01,    0.863
1870-06-01,    0.612
1870-07-01,    0.060
1870-08-01,   -0.441
1870-09-01,   -0.671
1870-10-01,   -0.719
1870-11-01,   -0.666
1870-12-01,   -0.365
1871-01-01,   -0.172
1871-02-01,   -0.039
1871-03-01,    0.043
1871-04-01,    0.119
1871-05-01,    0.197
1871-06-01,    0.286
1871-07-01,    0.251
1871-08-01,    0.278
1871-09-01,    0.264
1871-10-01,    0.175
1871-11-01,    0.141
1871-12-01,    0.112
1872-01-01,   -0.117
1872-02-01,   -0.128
1872-03-01,   -0.162
1872-04-01,   -0.120
1872-05-01,   -0.050
1872-06-01,    0.237
1872-07-01,    0.329
1872-08-01,    0.405
1872-09-01,    0.480
1872-10-01,    0.640
1872-11-01,    0.581
1872-12-01,    0.476
1873-01-01,    0.320
1873-02-01,    0.218
1873-03-01,   -0.046
1873-04-01,   -0.030
1873-05-01,   -0.004
1873-06-01,    0.122
1873-07-01,    0.039
1873-08-01,    0.167
1873-09-01,    0.087
1873-10-01,   -0.024
1873-11-01,   -0.135
1873-12-01,   -0.126
1874-01-01,   -0.074
1874-02-01,   -0.096
1874-03-01,    0.163
1874-04-01,    0.220
1874-05-01,    0.292
1874-06-01,    0.207
1874-07-01,    0.385
1874-08-01,    0.426
1874-09-01,    0.746
1874-10-01,    0.949
1874-11-01,    1.056
1874-12-01,    0.946
1875-01-01,    0.704
1875-02-01,    0.630
1875-03-01,    0.528
1875-04-01,    0.562
1875-05-01,    0.532
1875-06-01,    0.576
1875-07-01,    0.386
1875-08-01,    0.266
1875-09-01,   -0.023
1875-10-01,   -0.087
1875-11-01,   -0.206
1875-12-01,   -0.303
1876-01-01,   -0.417
1876-02-01,   -0.274
1876-03-01,   -0.241
1876-04-01,   -0.270
1876-05-01,   -0.197
1876-06-01,   -0.046
1876-07-01,    0.104
1876-08-01,    0.359
1876-09-01,    0.706
1876-10-01,    0.833
1876-11-01,    0.816
1876-12-01,    0.550
1877-01-01,    0.194
1877-02-01,   -0.169
1877-03-01,   -0.501
1877-04-01,   -0.943
1877-05-01,   -0.967
1877-06-01,   -0.927
1877-07-01,   -0.739
1877-08-01,   -0.423
1877-09-01,    0.124
1877-10-01,    0.413
1877-11-01,    0.599
1877-12-01,    0.619
1878-01-01,    0.388
1878-02-01,    0.174
1878-03-01,   -0.111
1878-04-01,   -0.559
1878-05-01,   -0.759
1878-06-01,   -0.687
1878-07-01,   -0.615
1878-08-01,   -0.355
1878-09-01,   -0.085
1878-10-01,    0.080
1878-11-01,    0.096
1878-12-01,    0.110
1879-01-01,   -0.104
1879-02-01,   -0.038
1879-03-01,   -0.042
1879-04-01,    0.179
1879-05-01,    0.479
1879-06-01,    0.791
1879-07-01,    0.921
1879-08-01,    1.132
1879-09-01,    1.226
1879-10-01,    1.276
1879-11-01,    1.197
1879-12-01,    1.283
1880-01-01,    1.032
1880-02-01,    0.769
1880-03-01,    0.562
1880-04-01,    0.509
1880-05-01,    0.471
1880-06-01,    0.655
1880-07-01,    0.882
1880-08-01,    0.982
1880-09-01,    1.066
1880-10-01,    0.850
1880-11-01,    0.574
1880-12-01,    0.201
1881-01-01,   -0.266
1881-02-01,   -0.657
1881-03-01,   -0.800
1881-04-01,   -0.886
1881-05-01,   -0.819
1881-06-01,   -0.752
1881-07-01,   -0.618
1881-08-01,   -0.361
1881-09-01,   -0.110
1881-10-01,   -0.070
1881-11-01,    0.043
1881-12-01,    0.150
1882-01-01,    0.010
1882-02-01,   -0.216
1882-03-01,   -0.391
1882-04-01,   -0.632
1882-05-01,   -0.881
1882-06-01,   -1.213
1882-07-01,   -1.162
1882-08-01,   -0.967
1882-09-01,   -0.596
1882-10-01,   -0.314
1882-11-01,   -0.161
1882-12-01,   -0.300
1883-01-01,   -0.564
1883-02-01,   -0.714
1883-03-01,   -0.668
1883-04-01,   -0.408
1883-05-01,   -0.355
1883-06-01,   -0.300
1883-07-01,   -0.299
1883-08-01,   -0.257
1883-09-01,   -0.189
1883-10-01,   -0.076
1883-11-01,    0.059
1883-12-01,    0.039
1884-01-01,   -0.029
1884-02-01,   -0.059
1884-03-01,   -0.127
1884-04-01,   -0.028
1884-05-01,   -0.134
1884-06-01,   -0.316
1884-07-01,   -0.484
1884-08-01,   -0.374
1884-09-01,   -0.274
1884-10-01,    0.132
1884-11-01,    0.408
1884-12-01,    0.522
1885-01-01,    0.289
1885-02-01,    0.027
1885-03-01,   -0.551
1885-04-01,   -1.025
1885-05-01,   -1.288
1885-06-01,   -1.294
1885-07-01,   -1.368
1885-08-01,   -1.210
1885-09-01,   -1.013
1885-10-01,   -0.954
1885-11-01,   -1.124
1885-12-01,   -1.346
1886-01-01,   -1.628
1886-02-01,   -1.765
1886-03-01,   -1.713
1886-04-01,   -1.487
1886-05-01,   -1.135
1886-06-01,   -0.693
1886-07-01,   -0.247
1886-08-01,    0.070
1886-09-01,    0.506
1886-10-01,    0.842
1886-11-01,    0.950
1886-12-01,    0.721
1887-01-01,    0.479
1887-02-01,    0.320
1887-03-01,    0.183
1887-04-01,    0.192
1887-05-01,    0.311
1887-06-01,    0.415
1887-07-01,    0.388
1887-08-01,    0.272
1887-09-01,    0.233
1887-10-01,    0.252
1887-11-01,    0.319
1887-12-01,    0.138
1888-01-01,    0.014
1888-02-01,    0.078
1888-03-01,    0.129
1888-04-01,    0.274
1888-05-01,    0.326
1888-06-01,    0.315
1888-07-01,    0.750
1888-08-01,    0.815
1888-09-01,    0.610
1888-10-01,    0.705
1888-11-01,    0.869
1888-12-01,    0.367
1889-01-01,    0.178
1889-02-01,    0.212
1889-03-01,    0.112
1889-04-01,    0.033
1889-05-01,    0.013
1889-06-01,   -0.047
1889-07-01,   -0.143
1889-08-01,    0.082
1889-09-01,    0.327
1889-10-01,    0.782
1889-11-01,    1.589
1889-12-01,    2.200
1890-01-01,    2.219
1890-02-01,    2.081
1890-03-01,    1.701
1890-04-01,    1.011
1890-05-01,    0.462
1890-06-01,    0.587
1890-07-01,    0.818
1890-08-01,    1.015
1890-09-01,    1.135
1890-10-01,    1.172
1890-11-01,    0.956
1890-12-01,    0.699
1891-01-01,    0.502
1891-02-01,    0.483
1891-03-01,    0.654
1891-04-01,    0.764
1891-05-01,    0.928
1891-06-01,    0.936
1891-07-01,    0.728
1891-08-01,    0.387
1891-09-01,    0.111
1891-10-01,   -0.138
1891-11-01,   -0.072
1891-12-01,   -0.011
1892-01-01,    0.056
1892-02-01,    0.188
1892-03-01,    0.123
1892-04-01,   -0.129
1892-05-01,   -0.195
1892-06-01,   -0.243
1892-07-01,   -0.281
1892-08-01,   -0.025
1892-09-01,    0.290
1892-10-01,    0.321
1892-11-01,    0.251
1892-12-01,    0.208
1893-01-01,    0.132
1893-02-01,    0.171
1893-03-01,    0.447
1893-04-01,    0.774
1893-05-01,    1.122
1893-06-01,    1.351
1893-07-01,    1.481
1893-08-01,    1.688
1893-09-01,    2.027
1893-10-01,    2.072
1893-11-01,    2.183
1893-12-01,    2.270
1894-01-01,    2.115
1894-02-01,    1.866
1894-03-01,    1.756
1894-04-01,    1.557
1894-05-01,    1.345
1894-06-01,    1.226
1894-07-01,    1.253
1894-08-01,    1.257
1894-09-01,    1.234
1894-10-01,    1.142
1894-11-01,    1.127
1894-12-01,    0.868
1895-01-01,    0.513
1895-02-01,    0.328
1895-03-01,    0.223
1895-04-01,    0.042
1895-05-01,    0.015
1895-06-01,    0.031
1895-07-01,   -0.003
1895-08-01,    0.176
1895-09-01,    0.312
1895-10-01,    0.439
1895-11-01,    0.710
1895-12-01,    0.869
1896-01-01,    0.632
1896-02-01,    0.588
1896-03-01,    0.576
1896-04-01,    0.649
1896-05-01,    0.485
1896-06-01,    0.536
1896-07-01,    0.504
1896-08-01,    0.367
1896-09-01,    0.272
1896-10-01,    0.437
1896-11-01,    0.411
1896-12-01,    0.387
1897-01-01,    0.517
1897-02-01,    0.515
1897-03-01,    0.492
1897-04-01,    0.514
1897-05-01,    0.405
1897-06-01,    0.201
1897-07-01,   -0.124
1897-08-01,   -0.127
1897-09-01,    0.027
1897-10-01,    0.220
1897-11-01,    0.464
1897-12-01,    0.708
1898-01-01,    0.627
1898-02-01,    0.378
1898-03-01,    0.168
1898-04-01,   -0.136
1898-05-01,   -0.084
1898-06-01,    0.124
1898-07-01,    0.108
1898-08-01,    0.323
1898-09-01,    0.729
1898-10-01,    0.953
1898-11-01,    1.155
1898-12-01,    1.557
1899-01-01,    1.742
1899-02-01,    1.673
1899-03-01,    1.401
1899-04-01,    1.131
1899-05-01,    0.703
1899-06-01,    0.614
1899-07-01,    0.763
1899-08-01,    0.728
1899-09-01,    0.475
1899-10-01,    0.356
1899-11-01,    0.168
1899-12-01,   -0.052
1900-01-01,    0.020
1900-02-01,    0.164
1900-03-01,    0.410
1900-04-01,    0.424
1900-05-01,    0.163
1900-06-01,   -0.196
1900-07-01,   -0.497
1900-08-01,   -0.777
1900-09-01,   -0.963
1900-10-01,   -1.139
1900-11-01,   -1.276
1900-12-01,   -1.207
1901-01-01,   -1.221
1901-02-01,   -1.286
1901-03-01,   -1.292
1901-04-01,   -1.198
1901-05-01,   -1.287
1901-06-01,   -1.252
1901-07-01,   -1.105
1901-08-01,   -0.718
1901-09-01,   -0.130
1901-10-01,    0.424
1901-11-01,    1.004
1901-12-01,    1.316
1902-01-01,    1.603
1902-02-01,    1.296
1902-03-01,    0.943
1902-04-01,    0.635
1902-05-01,    0.436
1902-06-01,    0.022
1902-07-01,   -0.083
1902-08-01,    0.122
1902-09-01,    0.185
1902-10-01,    0.072
1902-11-01,   -0.108
1902-12-01,   -0.597
1903-01-01,   -1.285
1903-02-01,   -1.789
1903-03-01,   -1.938
1903-04-01,   -1.972
1903-05-01,   -1.627
1903-06-01,   -1.524
1903-07-01,   -1.454
1903-08-01,   -1.428
1903-09-01,   -1.164
1903-10-01,   -0.919
1903-11-01,   -0.043
1903-12-01,    0.381
1904-01-01,    0.470
1904-02-01,    0.367
1904-03-01,    0.589
1904-04-01,    0.077
1904-05-01,   -0.042
1904-06-01,    0.223
1904-07-01,    0.428
1904-08-01,    0.204
1904-09-01,    0.584
1904-10-01,    0.465
1904-11-01,    0.218
1904-12-01,   -0.208
1905-01-01,   -0.360
1905-02-01,   -0.870
1905-03-01,   -0.553
1905-04-01,   -0.245
1905-05-01,   -0.017
1905-06-01,    0.117
1905-07-01,   -0.030
1905-08-01,   -0.268
1905-09-01,   -0.317
1905-10-01,   -0.453
1905-11-01,   -0.493
1905-12-01,   -0.260
1906-01-01,   -0.698
1906-02-01,   -1.179
1906-03-01,   -1.013
1906-04-01,   -1.117
1906-05-01,   -1.421
1906-06-01,   -1.482
1906-07-01,   -1.331
1906-08-01,   -1.297
1906-09-01,   -1.289
1906-10-01,   -0.905
1906-11-01,   -0.310
1906-12-01,   -0.032
1907-01-01,   -0.035
1907-02-01,    0.081
1907-03-01,   -0.120
1907-04-01,   -0.323
1907-05-01,   -0.760
1907-06-01,   -1.138
1907-07-01,   -1.208
1907-08-01,   -1.068
1907-09-01,   -1.000
1907-10-01,   -0.812
1907-11-01,   -0.320
1907-12-01,   -0.210
1908-01-01,   -0.026
1908-02-01,   -0.174
1908-03-01,   -0.301
1908-04-01,   -0.254
1908-05-01,   -0.378
1908-06-01,   -0.554
1908-07-01,   -0.525
1908-08-01,   -0.230
1908-09-01,   -0.334
1908-10-01,   -0.113
1908-11-01,    0.187
1908-12-01,    0.442
1909-01-01,    0.489
1909-02-01,    0.418
1909-03-01,    0.019
1909-04-01,   -0.362
1909-05-01,   -0.497
1909-06-01,   -0.662
1909-07-01,   -0.772
1909-08-01,   -0.353
1909-09-01,   -0.017
1909-10-01,    0.218
1909-11-01,    0.377
1909-12-01,    0.642
1910-01-01,    0.591
1910-02-01,    0.673
1910-03-01,    0.671
1910-04-01,    0.668
1910-05-01,    0.632
1910-06-01,    0.649
1910-07-01,    0.628
1910-08-01,    0.656
1910-09-01,    0.691
1910-10-01,    0.641
1910-11-01,    0.613
1910-12-01,    0.465
1911-01-01,    0.351
1911-02-01,    0.281
1911-03-01,    0.234
1911-04-01,    0.320
1911-05-01,    0.389
1911-06-01,    0.913
1911-07-01,    1.379
1911-08-01,    1.849
1911-09-01,    1.947
1911-10-01,    2.169
1911-11-01,    1.681
1911-12-01,    1.217
1912-01-01,    0.675
1912-02-01,    0.386
1912-03-01,    0.079
1912-04-01,   -0.057
1912-05-01,   -0.434
1912-06-01,   -0.397
1912-07-01,   -0.378
1912-08-01,   -0.457
1912-09-01,   -0.510
1912-10-01,   -0.124
1912-11-01,    0.192
1912-12-01,    0.228
1913-01-01,   -0.009
1913-02-01,   -0.186
1913-03-01,   -0.373
1913-04-01,   -0.556
1913-05-01,   -0.464
1913-06-01,    0.073
1913-07-01,    0.502
1913-08-01,    1.048
1913-09-01,    1.226
1913-10-01,    1.433
1913-11-01,    1.347
1913-12-01,    1.083
1914-01-01,    0.680
1914-02-01,    0.087
1914-03-01,   -0.388
1914-04-01,   -0.682
1914-05-01,   -0.546
1914-06-01,   -0.626
1914-07-01,   -0.135
1914-08-01,    0.283
1914-09-01,    0.564
1914-10-01,    0.739
1914-11-01,    0.840
1914-12-01,    0.631
1915-01-01,    0.273
1915-02-01,    0.154
1915-03-01,    0.124
1915-04-01,    0.230
1915-05-01,    0.223
1915-06-01,    0.168
1915-07-01,   -0.122
1915-08-01,   -0.518
1915-09-01,   -0.789
1915-10-01,   -0.930
1915-11-01,   -0.908
1915-12-01,   -0.931
1916-01-01,   -0.945
1916-02-01,   -1.098
1916-03-01,   -1.367
1916-04-01,   -1.725
1916-05-01,   -1.837
1916-06-01,   -1.765
1916-07-01,   -1.594
1916-08-01,   -1.238
1916-09-01,   -0.764
1916-10-01,   -0.284
1916-11-01,    0.034
1916-12-01,    0.110
1917-01-01,    0.190
1917-02-01,    0.393
1917-03-01,    0.488
1917-04-01,    0.454
1917-05-01,    0.770
1917-06-01,    0.964
1917-07-01,    0.851
1917-08-01,    0.601
1917-09-01,    0.583
1917-10-01,    0.257
1917-11-01,    0.153
1917-12-01,    0.217
1918-01-01,    0.397
1918-02-01,    0.691
1918-03-01,    1.232
1918-04-01,    1.640
1918-05-01,    2.022
1918-06-01,    2.236
1918-07-01,    2.119
1918-08-01,    1.871
1918-09-01,    1.632
1918-10-01,    1.270
1918-11-01,    0.856
1918-12-01,    0.481
1919-01-01,   -0.048
1919-02-01,   -0.391
1919-03-01,   -0.598
1919-04-01,   -0.589
1919-05-01,   -0.551
1919-06-01,   -0.491
1919-07-01,   -0.399
1919-08-01,   -0.254
1919-09-01,   -0.096
1919-10-01,   -0.013
1919-11-01,    0.414
1919-12-01,    0.609
1920-01-01,    0.469
1920-02-01,    0.408
1920-03-01,    0.403
1920-04-01,   -0.103
1920-05-01,   -0.864
1920-06-01,   -1.139
1920-07-01,   -1.528
1920-08-01,   -2.083
1920-09-01,   -1.780
1920-10-01,   -0.980
1920-11-01,   -0.714
1920-12-01,   -0.282
1921-01-01,    0.510
1921-02-01,    0.393
1921-03-01,    0.309
1921-04-01,    0.322
1921-05-01,    0.089
1921-06-01,   -0.495
1921-07-01,   -0.661
1921-08-01,   -0.852
1921-09-01,   -0.661
1921-10-01,   -0.632
1921-11-01,   -0.330
1921-12-01,    0.054
1922-01-01,   -0.015
1922-02-01,   -0.091
1922-03-01,   -0.150
1922-04-01,   -0.326
1922-05-01,   -0.838
1922-06-01,   -0.954
1922-07-01,   -1.309
1922-08-01,   -1.244
1922-09-01,   -1.326
1922-10-01,   -0.949
1922-11-01,   -0.569
1922-12-01,   -0.131
1923-01-01,   -0.145
1923-02-01,    0.259
1923-03-01,    0.286
1923-04-01,    0.357
1923-05-01,    0.440
1923-06-01,    0.422
1923-07-01,    0.162
1923-08-01,   -0.113
1923-09-01,   -0.565
1923-10-01,   -0.945
1923-11-01,   -1.062
1923-12-01,   -1.127
1924-01-01,   -1.337
1924-02-01,   -1.318
1924-03-01,   -1.429
1924-04-01,   -1.471
1924-05-01,   -1.433
1924-06-01,   -1.011
1924-07-01,   -0.839
1924-08-01,   -0.529
1924-09-01,   -0.051
1924-10-01,    0.075
1924-11-01,    0.398
1924-12-01,    1.018
1925-01-01,    1.435
1925-02-01,    1.662
1925-03-01,    1.949
1925-04-01,    2.161
1925-05-01,    1.737
1925-06-01,    1.359
1925-07-01,    0.958
1925-08-01,    0.781
1925-09-01,    0.276
1925-10-01,    0.157
1925-11-01,    0.206
1925-12-01,    0.068
1926-01-01,   -0.144
1926-02-01,   -0.107
1926-03-01,   -0.302
1926-04-01,   -0.721
1926-05-01,   -0.694
1926-06-01,   -0.786
1926-07-01,   -0.994
1926-08-01,   -0.738
1926-09-01,   -0.375
1926-10-01,   -0.185
1926-11-01,    0.103
1926-12-01,    0.305
1927-01-01,    0.297
1927-02-01,    0.104
1927-03-01,    0.075
1927-04-01,   -0.101
1927-05-01,   -0.299
1927-06-01,   -0.512
1927-07-01,   -0.484
1927-08-01,   -0.716
1927-09-01,   -0.534
1927-10-01,   -0.501
1927-11-01,   -0.589
1927-12-01,   -0.651
1928-01-01,   -0.530
1928-02-01,   -0.680
1928-03-01,   -0.671
1928-04-01,   -0.706
1928-05-01,   -0.846
1928-06-01,   -1.014
1928-07-01,   -1.133
1928-08-01,   -1.146
1928-09-01,   -1.075
1928-10-01,   -0.901
1928-11-01,   -0.739
1928-12-01,   -0.496
1929-01-01,   -0.322
1929-02-01,    0.077
1929-03-01,    0.318
1929-04-01,    0.349
1929-05-01,    0.146
1929-06-01,    0.027
1929-07-01,   -0.181
1929-08-01,   -0.450
1929-09-01,   -0.572
1929-10-01,   -0.684
1929-11-01,   -0.980
1929-12-01,   -1.236
1930-01-01,   -1.359
1930-02-01,   -1.256
1930-03-01,   -0.903
1930-04-01,   -0.513
1930-05-01,   -0.278
1930-06-01,    0.071
1930-07-01,    0.079
1930-08-01,    0.234
1930-09-01,    0.258
1930-10-01,    0.440
1930-11-01,    0.368
1930-12-01,    0.186
1931-01-01,   -0.106
1931-02-01,   -0.167
1931-03-01,   -0.604
1931-04-01,   -1.030
1931-05-01,   -1.048
1931-06-01,   -1.277
1931-07-01,   -1.262
1931-08-01,   -0.865
1931-09-01,   -0.542
1931-10-01,   -0.248
1931-11-01,    0.402
1931-12-01,    0.846
1932-01-01,    0.884
1932-02-01,    1.131
1932-03-01,    1.412
1932-04-01,    1.375
1932-05-01,    1.273
1932-06-01,    1.213
1932-07-01,    0.982
1932-08-01,    0.673
1932-09-01,    0.285
1932-10-01,    0.081
1932-11-01,   -0.131
1932-12-01,    0.089
1933-01-01,    0.112
1933-02-01,    0.201
1933-03-01,    0.083
1933-04-01,    0.358
1933-05-01,    0.054
1933-06-01,    0.057
1933-07-01,    0.177
1933-08-01,    0.492
1933-09-01,    0.614
1933-10-01,    1.088
1933-11-01,    1.391
1933-12-01,    1.484
1934-01-01,    1.619
1934-02-01,    1.632
1934-03-01,    1.576
1934-04-01,    1.473
1934-05-01,    1.221
1934-06-01,    1.120
1934-07-01,    1.084
1934-08-01,    0.853
1934-09-01,    0.518
1934-10-01,    0.406
1934-11-01,   -0.024
1934-12-01,   -0.683
1935-01-01,   -0.747
1935-02-01,   -0.368
1935-03-01,    0.034
1935-04-01,    0.141
1935-05-01,    0.469
1935-06-01,    0.365
1935-07-01,    0.086
1935-08-01,   -0.305
1935-09-01,   -0.317
1935-10-01,   -0.140
1935-11-01,   -0.177
1935-12-01,   -0.221
1936-01-01,   -0.174
1936-02-01,   -0.229
1936-03-01,   -0.476
1936-04-01,   -0.437
1936-05-01,   -0.487
1936-06-01,   -0.523
1936-07-01,   -0.439
1936-08-01,   -0.263
1936-09-01,   -0.077
1936-10-01,   -0.307
1936-11-01,   -0.092
1936-12-01,   -0.200
1937-01-01,   -0.672
1937-02-01,   -0.740
1937-03-01,   -0.660
1937-04-01,   -0.899
1937-05-01,   -1.025
1937-06-01,   -0.747
1937-07-01,   -0.818
1937-08-01,   -0.742
1937-09-01,   -0.945
1937-10-01,   -0.843
1937-11-01,   -0.866
1937-12-01,   -0.978
1938-01-01,   -1.048
1938-02-01,   -1.030
1938-03-01,   -0.768
1938-04-01,   -0.765
1938-05-01,   -1.057
1938-06-01,   -0.952
1938-07-01,   -0.730
1938-08-01,   -0.627
1938-09-01,   -0.323
1938-10-01,    0.074
1938-11-01,    0.328
1938-12-01,    0.667
1939-01-01,    0.484
1939-02-01,    0.375
1939-03-01,    0.609
1939-04-01,    0.567
1939-05-01,    0.223
1939-06-01,    0.195
1939-07-01,   -0.279
1939-08-01,   -0.156
1939-09-01,   -0.275
1939-10-01,   -0.282
1939-11-01,   -0.425
1939-12-01,   -0.134
1940-01-01,   -0.665
1940-02-01,   -0.764
1940-03-01,   -0.751
1940-04-01,   -0.840
1940-05-01,   -0.908
1940-06-01,   -0.745
1940-07-01,   -0.703
1940-08-01,   -0.700
1940-09-01,   -0.758
1940-10-01,   -0.819
1940-11-01,   -0.945
1940-12-01,   -0.885
1941-01-01,   -0.842
1941-02-01,   -0.677
1941-03-01,   -0.515
1941-04-01,   -0.579
1941-05-01,   -0.937
1941-06-01,   -1.000
1941-07-01,   -0.975
1941-08-01,   -0.923
1941-09-01,   -0.640
1941-10-01,   -0.262
1941-11-01,   -0.166
1941-12-01,   -0.245
1942-01-01,   -0.352
1942-02-01,   -0.798
1942-03-01,   -0.900
1942-04-01,   -1.148
1942-05-01,   -1.358
1942-06-01,   -1.463
1942-07-01,   -1.127
1942-08-01,   -1.063
1942-09-01,   -0.754
1942-10-01,   -0.174
1942-11-01,    0.712
1942-12-01,    1.215
1943-01-01,    1.360
1943-02-01,    1.543
1943-03-01,    1.446
1943-04-01,    0.928
1943-05-01,    0.612
1943-06-01,    0.451
1943-07-01,    0.164
1943-08-01,    0.278
1943-09-01,    0.287
1943-10-01,    0.294
1943-11-01,    0.244
1943-12-01,    0.398
1944-01-01,    0.198
1944-02-01,    0.170
1944-03-01,   -0.002
1944-04-01,    0.095
1944-05-01,   -0.113
1944-06-01,   -0.227
1944-07-01,   -0.281
1944-08-01,   -0.266
1944-09-01,   -0.459
1944-10-01,   -0.554
1944-11-01,   -0.594
1944-12-01,   -0.306
1945-01-01,   -0.052
1945-02-01,    0.431
1945-03-01,    1.050
1945-04-01,    1.402
1945-05-01,    1.281
1945-06-01,    1.365
1945-07-01,    1.439
1945-08-01,    1.444
1945-09-01,    1.509
1945-10-01,    1.586
1945-11-01,    1.324
1945-12-01,    0.721
1946-01-01,    0.125
1946-02-01,   -0.241
1946-03-01,   -0.560
1946-04-01,   -1.093
1946-05-01,   -1.173
1946-06-01,   -1.262
1946-07-01,   -1.382
1946-08-01,   -1.469
1946-09-01,   -1.132
1946-10-01,   -1.117
1946-11-01,   -0.956
1946-12-01,   -0.846
1947-01-01,   -0.845
1947-02-01,   -0.689
1947-03-01,   -0.536
1947-04-01,   -0.928
1947-05-01,   -1.093
1947-06-01,   -1.102
1947-07-01,   -0.896
1947-08-01,   -0.508
1947-09-01,    0.362
1947-10-01,    0.568
1947-11-01,    0.664
1947-12-01,    0.726
1948-01-01,    0.454
1948-02-01,    0.047
1948-03-01,   -0.135
1948-04-01,   -0.469
1948-05-01,   -0.950
1948-06-01,   -1.004
1948-07-01,   -1.109
1948-08-01,   -0.910
1948-09-01,   -0.415
1948-10-01,   -0.312
1948-11-01,   -0.354
1948-12-01,   -0.303
1949-01-01,    0.018
1949-02-01,    0.049
1949-03-01,    0.251
1949-04-01,    0.556
1949-05-01,    0.440
1949-06-01,   -0.130
1949-07-01,   -0.232
1949-08-01,   -0.458
1949-09-01,   -0.498
1949-10-01,   -0.087
1949-11-01,    0.119
1949-12-01,    0.283
1950-01-01,    0.624
1950-02-01,    0.445
1950-03-01,    0.382
1950-04-01,    0.311
1950-05-01,    0.124
1950-06-01,    0.213
1950-07-01,    0.293
1950-08-01,    0.316
1950-09-01,    0.564
1950-10-01,    0.690
1950-11-01,    0.993
1950-12-01,    1.239
1951-01-01,    1.315
1951-02-01,    1.460
1951-03-01,    1.590
1951-04-01,    1.457
1951-05-01,    1.615
1951-06-01,    1.627
1951-07-01,    1.521
1951-08-01,    1.493
1951-09-01,    1.255
1951-10-01,    0.799
1951-11-01,    0.492
1951-12-01,    0.294
1952-01-01,    0.168
1952-02-01,   -0.293
1952-03-01,   -0.368
1952-04-01,   -0.374
1952-05-01,   -0.568
1952-06-01,   -0.719
1952-07-01,   -0.702
1952-08-01,   -0.703
1952-09-01,   -0.704
1952-10-01,   -0.449
1952-11-01,   -0.566
1952-12-01,   -0.167
1953-01-01,   -0.027
1953-02-01,    0.150
1953-03-01,    0.325
1953-04-01,    0.550
1953-05-01,    0.428
1953-06-01,    0.532
1953-07-01,    0.409
1953-08-01,    0.196
1953-09-01,    0.121
1953-10-01,    0.129
1953-11-01,   -0.425
1953-12-01,   -0.537
1954-01-01,   -0.655
1954-02-01,   -1.249
1954-03-01,   -1.787
1954-04-01,   -1.702
1954-05-01,   -1.839
1954-06-01,   -1.799
1954-07-01,   -1.338
1954-08-01,   -0.981
1954-09-01,   -0.606
1954-10-01,   -0.464
1954-11-01,   -0.189
1954-12-01,    0.081
1955-01-01,    0.316
1955-02-01,    0.489
1955-03-01,    0.619
1955-04-01,    0.358
1955-05-01,    0.399
1955-06-01,    0.319
1955-07-01,    0.045
1955-08-01,    0.147
1955-09-01,    0.346
1955-10-01,    0.411
1955-11-01,    0.545
1955-12-01,    0.840
1956-01-01,    1.092
1956-02-01,    1.119
1956-03-01,    0.977
1956-04-01,    0.992
1956-05-01,    0.982
1956-06-01,    0.723
1956-07-01,    0.707
1956-08-01,    0.766
1956-09-01,    0.660
1956-10-01,    0.341
1956-11-01,   -0.035
1956-12-01,   -0.111
1957-01-01,    0.090
1957-02-01,    0.261
1957-03-01,    0.651
1957-04-01,    1.410
1957-05-01,    1.734
1957-06-01,    1.620
1957-07-01,    1.606
1957-08-01,    1.413
1957-09-01,    0.984
1957-10-01,    0.631
1957-11-01,    0.137
1957-12-01,   -0.270
1958-01-01,   -0.639
1958-02-01,   -0.523
1958-03-01,   -0.565
1958-04-01,   -0.258
1958-05-01,   -0.005
1958-06-01,   -0.042
1958-07-01,   -0.230
1958-08-01,   -0.244
1958-09-01,   -0.337
1958-10-01,   -0.594
1958-11-01,   -0.503
1958-12-01,   -0.599
1959-01-01,   -0.468
1959-02-01,   -0.319
1959-03-01,   -0.130
1959-04-01,    0.102
1959-05-01,    0.094
1959-06-01,   -0.246
1959-07-01,   -0.387
1959-08-01,   -0.384
1959-09-01,   -0.308
1959-10-01,   -0.109
1959-11-01,    0.184
1959-12-01,    0.364
1960-01-01,    0.439
1960-02-01,    0.095
1960-03-01,   -0.050
1960-04-01,   -0.262
1960-05-01,   -0.521
1960-06-01,   -0.602
1960-07-01,   -0.409
1960-08-01,   -0.493
1960-09-01,   -0.487
1960-10-01,   -0.507
1960-11-01,   -0.357
1960-12-01,   -0.076
1961-01-01,    0.146
1961-02-01,    0.325
1961-03-01,    0.468
1961-04-01,    0.230
1961-05-01,   -0.237
1961-06-01,   -0.396
1961-07-01,   -0.583
1961-08-01,   -0.489
1961-09-01,   -0.312
1961-10-01,    0.058
1961-11-01,    0.370
1961-12-01,    0.617
1962-01-01,    0.328
1962-02-01,   -0.103
1962-03-01,   -0.282
1962-04-01,   -0.711
1962-05-01,   -0.999
1962-06-01,   -0.853
1962-07-01,   -0.498
1962-08-01,   -0.610
1962-09-01,   -0.536
1962-10-01,   -0.482
1962-11-01,   -0.321
1962-12-01,   -0.306
1963-01-01,   -0.127
1963-02-01,   -0.111
1963-03-01,    0.063
1963-04-01,    0.003
1963-05-01,   -0.100
1963-06-01,   -0.251
1963-07-01,   -0.173
1963-08-01,   -0.367
1963-09-01,   -0.625
1963-10-01,   -0.722
1963-11-01,   -0.930
1963-12-01,   -1.273
1964-01-01,   -1.342
1964-02-01,   -1.304
1964-03-01,   -1.544
1964-04-01,   -1.424
1964-05-01,   -1.178
1964-06-01,   -0.993
1964-07-01,   -0.526
1964-08-01,    0.019
1964-09-01,    0.473
1964-10-01,    0.781
1964-11-01,    0.909
1964-12-01,    0.879
1965-01-01,    1.119
1965-02-01,    1.393
1965-03-01,    1.838
1965-04-01,    2.175
1965-05-01,    2.209
1965-06-01,    2.019
1965-07-01,    1.484
1965-08-01,    0.758
1965-09-01,    0.214
1965-10-01,   -0.107
1965-11-01,   -0.336
1965-12-01,   -0.560
1966-01-01,   -1.127
1966-02-01,   -1.485
1966-03-01,   -1.806
1966-04-01,   -2.177
1966-05-01,   -2.362
1966-06-01,   -2.009
1966-07-01,   -1.867
1966-08-01,   -1.699
1966-09-01,   -1.408
1966-10-01,   -1.178
1966-11-01,   -0.774
1966-12-01,   -0.224
1967-01-01,   -0.079
1967-02-01,   -0.022
1967-03-01,   -0.139
1967-04-01,   -0.461
1967-05-01,   -0.973
1967-06-01,   -1.253
1967-07-01,   -1.449
1967-08-01,   -1.543
1967-09-01,   -1.674
1967-10-01,   -1.723
1967-11-01,   -1.619
1967-12-01,   -1.545
1968-01-01,   -1.335
1968-02-01,   -1.172
1968-03-01,   -1.108
1968-04-01,   -1.245
1968-05-01,   -1.197
1968-06-01,   -1.071
1968-07-01,   -0.690
1968-08-01,   -0.534
1968-09-01,   -0.442
1968-10-01,   -0.398
1968-11-01,   -0.785
1968-12-01,   -1.508
1969-01-01,   -1.509
1969-02-01,   -1.156
1969-03-01,   -0.713
1969-04-01,    0.053
1969-05-01,    0.622
1969-06-01,    0.491
1969-07-01,    0.191
1969-08-01,   -0.100
1969-09-01,   -0.463
1969-10-01,   -0.500
1969-11-01,   -0.303
1969-12-01,   -0.348
1970-01-01,   -0.773
1970-02-01,   -1.024
1970-03-01,   -1.386
1970-04-01,   -1.721
1970-05-01,   -1.993
1970-06-01,   -1.865
1970-07-01,   -1.723
1970-08-01,   -1.284
1970-09-01,   -0.959
1970-10-01,   -0.276
1970-11-01,    0.231
1970-12-01,    0.454
1971-01-01,    0.566
1971-02-01,    0.862
1971-03-01,    0.692
1971-04-01,    0.400
1971-05-01,    0.397
1971-06-01,    0.211
1971-07-01,    0.100
1971-08-01,    0.097
1971-09-01,    0.145
1971-10-01,    0.087
1971-11-01,    0.221
1971-12-01,    0.259
1972-01-01,    0.447
1972-02-01,    0.576
1972-03-01,    0.661
1972-04-01,    0.851
1972-05-01,    1.134
1972-06-01,    1.520
1972-07-01,    1.659
1972-08-01,    1.642
1972-09-01,    1.482
1972-10-01,    1.186
1972-11-01,    0.600
1972-12-01,    0.122
1973-01-01,   -0.293
1973-02-01,   -0.675
1973-03-01,   -1.108
1973-04-01,   -1.220
1973-05-01,   -1.119
1973-06-01,   -0.855
1973-07-01,   -0.561
1973-08-01,   -0.038
1973-09-01,    0.501
1973-10-01,    1.149
1973-11-01,    1.717
1973-12-01,    1.969
1974-01-01,    2.145
1974-02-01,    2.129
1974-03-01,    1.962
1974-04-01,    1.728
1974-05-01,    1.703
1974-06-01,    1.502
1974-07-01,    1.229
1974-08-01,    0.890
1974-09-01,    0.824
1974-10-01,    0.636
1974-11-01,    0.479
1974-12-01,    0.361
1975-01-01,    0.600
1975-02-01,    0.749
1975-03-01,    0.855
1975-04-01,    0.949
1975-05-01,    1.337
1975-06-01,    1.460
1975-07-01,    1.503
1975-08-01,    1.734
1975-09-01,    1.933
1975-10-01,    1.984
1975-11-01,    1.946
1975-12-01,    1.909
1976-01-01,    1.725
1976-02-01,    1.727
1976-03-01,    1.697
1976-04-01,    1.813
1976-05-01,    2.059
1976-06-01,    2.355
1976-07-01,    2.206
1976-08-01,    1.882
1976-09-01,    1.353
1976-10-01,    0.809
1976-11-01,    0.303
1976-12-01,    0.066
1977-01-01,   -0.165
1977-02-01,   -0.266
1977-03-01,   -0.445
1977-04-01,   -0.658
1977-05-01,   -0.907
1977-06-01,   -1.185
1977-07-01,   -1.527
1977-08-01,   -1.733
1977-09-01,   -1.947
1977-10-01,   -2.106
1977-11-01,   -1.912
1977-12-01,   -1.635
1978-01-01,   -1.571
1978-02-01,   -1.283
1978-03-01,   -1.000
1978-04-01,   -0.983
1978-05-01,   -0.905
1978-06-01,   -0.785
1978-07-01,   -0.732
1978-08-01,   -0.616
1978-09-01,   -0.349
1978-10-01,   -0.084
1978-11-01,    0.022
1978-12-01,   -0.188
1979-01-01,   -0.343
1979-02-01,   -0.309
1979-03-01,   -0.347
1979-04-01,   -0.187
1979-05-01,    0.067
1979-06-01,    0.333
1979-07-01,    0.440
1979-08-01,    0.462
1979-09-01,    0.302
1979-10-01,    0.007
1979-11-01,   -0.285
1979-12-01,   -0.758
1980-01-01,   -1.073
1980-02-01,   -1.201
1980-03-01,   -1.040
1980-04-01,   -0.996
1980-05-01,   -1.039
1980-06-01,   -1.039
1980-07-01,   -1.018
1980-08-01,   -1.135
1980-09-01,   -1.284
1980-10-01,   -1.291
1980-11-01,   -1.393
1980-12-01,   -1.425
1981-01-01,   -1.350
1981-02-01,   -1.094
1981-03-01,   -0.835
1981-04-01,   -0.558
1981-05-01,   -0.496
1981-06-01,   -0.464
1981-07-01,   -0.533
1981-08-01,   -0.604
1981-09-01,   -0.708
1981-10-01,   -0.668
1981-11-01,   -0.520
1981-12-01,   -0.404
1982-01-01,   -0.565
1982-02-01,   -0.753
1982-03-01,   -0.931
1982-04-01,   -1.271
1982-05-01,   -1.319
1982-06-01,   -0.955
1982-07-01,   -0.406
1982-08-01,    0.021
1982-09-01,    0.871
1982-10-01,    1.535
1982-11-01,    1.870
1982-12-01,    1.913
1983-01-01,    2.096
1983-02-01,    2.332
1983-03-01,    2.673
1983-04-01,    3.352
1983-05-01,    4.140
1983-06-01,    4.638
1983-07-01,    4.557
1983-08-01,    4.210
1983-09-01,    3.640
1983-10-01,    2.955
1983-11-01,    2.301
1983-12-01,    1.739
1984-01-01,    1.335
1984-02-01,    1.111
1984-03-01,    0.766
1984-04-01,    0.514
1984-05-01,    0.336
1984-06-01,    0.139
1984-07-01,   -0.236
1984-08-01,   -0.186
1984-09-01,    0.165
1984-10-01,    0.594
1984-11-01,    0.620
1984-12-01,    0.720
1985-01-01,    0.783
1985-02-01,    0.443
1985-03-01,   -0.017
1985-04-01,   -0.175
1985-05-01,   -0.404
1985-06-01,   -0.810
1985-07-01,   -1.019
1985-08-01,   -1.081
1985-09-01,   -1.140
1985-10-01,   -1.053
1985-11-01,   -0.798
1985-12-01,   -0.515
1986-01-01,   -0.477
1986-02-01,   -0.409
1986-03-01,   -0.430
1986-04-01,   -0.816
1986-05-01,   -1.099
1986-06-01,   -1.197
1986-07-01,   -1.454
1986-08-01,   -1.556
1986-09-01,   -1.402
1986-10-01,   -1.248
1986-11-01,   -1.098
1986-12-01,   -0.733
1987-01-01,   -0.569
1987-02-01,   -0.174
1987-03-01,   -0.010
1987-04-01,   -0.120
1987-05-01,   -0.199
1987-06-01,   -0.286
1987-07-01,   -0.594
1987-08-01,   -0.736
1987-09-01,   -0.788
1987-10-01,   -0.821
1987-11-01,   -0.910
1987-12-01,   -0.976
1988-01-01,   -1.223
1988-02-01,   -1.148
1988-03-01,   -1.086
1988-04-01,   -1.134
1988-05-01,   -1.066
1988-06-01,   -0.921
1988-07-01,   -0.856
1988-08-01,   -0.490
1988-09-01,    0.341
1988-10-01,    0.939
1988-11-01,    1.711
1988-12-01,    2.441
1989-01-01,    2.535
1989-02-01,    2.291
1989-03-01,    1.817
1989-04-01,    1.242
1989-05-01,    0.594
1989-06-01,    0.233
1989-07-01,   -0.139
1989-08-01,   -0.082
1989-09-01,   -0.134
1989-10-01,   -0.264
1989-11-01,   -0.481
1989-12-01,   -0.586
1990-01-01,   -0.950
1990-02-01,   -1.169
1990-03-01,   -1.237
1990-04-01,   -1.228
1990-05-01,   -1.502
1990-06-01,   -1.601
1990-07-01,   -1.700
1990-08-01,   -1.934
1990-09-01,   -2.083
1990-10-01,   -1.968
1990-11-01,   -1.851
1990-12-01,   -1.754
1991-01-01,   -1.537
1991-02-01,   -1.643
1991-03-01,   -1.554
1991-04-01,   -1.553
1991-05-01,   -1.503
1991-06-01,   -1.624
1991-07-01,   -1.418
1991-08-01,   -1.391
1991-09-01,   -1.237
1991-10-01,   -1.258
1991-11-01,   -1.114
1991-12-01,   -1.093
1992-01-01,   -1.002
1992-02-01,   -0.732
1992-03-01,   -0.381
1992-04-01,   -0.294
1992-05-01,   -0.392
1992-06-01,   -0.480
1992-07-01,   -0.912
1992-08-01,   -1.192
1992-09-01,   -1.226
1992-10-01,   -1.098
1992-11-01,   -1.054
1992-12-01,   -0.831
1993-01-01,   -0.746
1993-02-01,   -0.630
1993-03-01,   -0.404
1993-04-01,   -0.273
1993-05-01,   -0.383
1993-06-01,   -0.529
1993-07-01,   -0.784
1993-08-01,   -0.935
1993-09-01,   -1.137
1993-10-01,   -1.135
1993-11-01,   -1.046
1993-12-01,   -0.826
1994-01-01,   -1.097
1994-02-01,   -1.277
1994-03-01,   -1.463
1994-04-01,   -1.800
1994-05-01,   -2.347
1994-06-01,   -2.666
1994-07-01,   -2.618
1994-08-01,   -2.445
1994-09-01,   -2.277
1994-10-01,   -1.857
1994-11-01,   -1.313
1994-12-01,   -1.182
1995-01-01,   -1.499
1995-02-01,   -1.744
1995-03-01,   -2.076
1995-04-01,   -2.374
1995-05-01,   -2.405
1995-06-01,   -2.145
1995-07-01,   -1.806
1995-08-01,   -1.333
1995-09-01,   -0.849
1995-10-01,   -0.595
1995-11-01,   -0.335
1995-12-01,   -0.059
1996-01-01,    0.021
1996-02-01,   -0.294
1996-03-01,   -0.398
1996-04-01,   -0.779
1996-05-01,   -1.188
1996-06-01,   -1.344
1996-07-01,   -1.233
1996-08-01,   -1.266
1996-09-01,   -1.073
1996-10-01,   -1.019
1996-11-01,   -1.100
1996-12-01,   -0.970
1997-01-01,   -0.680
1997-02-01,   -0.464
1997-03-01,    0.051
1997-04-01,    0.742
1997-05-01,    1.314
1997-06-01,    1.830
1997-07-01,    2.386
1997-08-01,    2.785
1997-09-01,    2.961
1997-10-01,    3.262
1997-11-01,    3.195
1997-12-01,    3.080
1998-01-01,    2.942
1998-02-01,    2.958
1998-03-01,    2.815
1998-04-01,    2.788
1998-05-01,    2.745
1998-06-01,    2.636
1998-07-01,    2.193
1998-08-01,    1.922
1998-09-01,    1.789
1998-10-01,    1.904
1998-11-01,    2.073
1998-12-01,    2.508
1999-01-01,    2.577
1999-02-01,    2.338
1999-03-01,    2.029
1999-04-01,    1.512
1999-05-01,    0.883
1999-06-01,    0.539
1999-07-01,    0.313
1999-08-01,    0.200
1999-09-01,    0.269
1999-10-01,    0.484
1999-11-01,    0.682
1999-12-01,    1.276
2000-01-01,    1.570
2000-02-01,    2.016
2000-03-01,    2.037
2000-04-01,    1.683
2000-05-01,    1.131
2000-06-01,    0.648
2000-07-01,    0.012
2000-08-01,   -0.251
2000-09-01,   -0.224
2000-10-01,    0.036
2000-11-01,    0.269
2000-12-01,    0.618
2001-01-01,    0.921
2001-02-01,    1.144
2001-03-01,    0.812
2001-04-01,    0.329
2001-05-01,   -0.350
2001-06-01,   -1.087
2001-07-01,   -1.910
2001-08-01,   -2.232
2001-09-01,   -2.239
2001-10-01,   -2.123
2001-11-01,   -2.084
2001-12-01,   -1.637
2002-01-01,   -1.186
2002-02-01,   -0.929
2002-03-01,   -0.803
2002-04-01,   -0.918
2002-05-01,   -1.280
2002-06-01,   -1.757
2002-07-01,   -2.067
2002-08-01,   -2.169
2002-09-01,   -1.903
2002-10-01,   -1.552
2002-11-01,   -1.383
2002-12-01,   -1.289
2003-01-01,   -1.484
2003-02-01,   -1.700
2003-03-01,   -1.983
2003-04-01,   -2.153
2003-05-01,   -2.241
2003-06-01,   -1.986
2003-07-01,   -1.917
2003-08-01,   -1.769
2003-09-01,   -1.499
2003-10-01,   -1.169
2003-11-01,   -1.168
2003-12-01,   -0.940
2004-01-01,   -0.809
2004-02-01,   -0.860
2004-03-01,   -1.210
2004-04-01,   -1.466
2004-05-01,   -1.850
2004-06-01,   -2.169
2004-07-01,   -2.410
2004-08-01,   -2.342
2004-09-01,   -2.137
2004-10-01,   -1.832
2004-11-01,   -1.708
2004-12-01,   -1.606
2005-01-01,   -1.816
2005-02-01,   -1.851
2005-03-01,   -1.721
2005-04-01,   -1.641
2005-05-01,   -1.458
2005-06-01,   -1.143
2005-07-01,   -1.220
2005-08-01,   -1.501
2005-09-01,   -1.618
2005-10-01,   -1.609
2005-11-01,   -1.324
2005-12-01,   -0.555
2006-01-01,   -0.077
2006-02-01,    0.151
2006-03-01,    0.196
2006-04-01,   -0.098
2006-05-01,   -0.692
2006-06-01,   -0.967
2006-07-01,   -0.990
2006-08-01,   -0.869
2006-09-01,   -0.729
2006-10-01,   -0.715
2006-11-01,   -0.626
2006-12-01,   -0.531
2007-01-01,   -0.783
2007-02-01,   -1.016
2007-03-01,   -1.261
2007-04-01,   -1.697
2007-05-01,   -1.950
2007-06-01,   -2.087
2007-07-01,   -2.006
2007-08-01,   -1.763
2007-09-01,   -1.315
2007-10-01,   -0.916
2007-11-01,   -0.132
2007-12-01,    0.760
2008-01-01,    1.509
2008-02-01,    2.104
2008-03-01,    2.289
2008-04-01,    2.138
2008-05-01,    1.695
2008-06-01,    1.329
2008-07-01,    0.942
2008-08-01,    0.771
2008-09-01,    0.687
2008-10-01,    0.745
2008-11-01,    0.780
2008-12-01,    0.834
2009-01-01,    0.655
2009-02-01,    0.533
2009-03-01,    0.231
2009-04-01,   -0.157
2009-05-01,   -0.490
2009-06-01,   -0.589
2009-07-01,   -0.946
2009-08-01,   -1.282
2009-09-01,   -1.662
2009-10-01,   -1.926
2009-11-01,   -2.151
2009-12-01,   -2.168
2010-01-01,   -2.205
2010-02-01,   -1.880
2010-03-01,   -1.447
2010-04-01,   -0.999
2010-05-01,   -0.795
2010-06-01,   -0.326
2010-07-01,   -0.075
2010-08-01,    0.038
2010-09-01,    0.229
2010-10-01,    0.723
2010-11-01,    1.110
2010-12-01,    1.551
2011-01-01,    1.584
2011-02-01,    1.637
2011-03-01,    1.555
2011-04-01,    1.279
2011-05-01,    0.919
2011-06-01,    0.824
2011-07-01,    0.441
2011-08-01,    0.259
2011-09-01,    0.184
2011-10-01,    0.333
2011-11-01,    0.579
2011-12-01,    1.165
2012-01-01,    1.288
2012-02-01,    1.455
2012-03-01,    1.360
2012-04-01,    1.240
2012-05-01,    0.887
2012-06-01,    0.517
2012-07-01,    0.020
2012-08-01,   -0.480
2012-09-01,   -0.989
2012-10-01,   -1.280
2012-11-01,   -1.280
2012-12-01,   -0.999
2013-01-01,   -0.753
2013-02-01,   -0.794
2013-03-01,   -1.008
2013-04-01,   -1.304
2013-05-01,   -1.778
2013-06-01,   -2.053
2013-07-01,   -2.055
2013-08-01,   -1.738
2013-09-01,   -1.506
2013-10-01,   -1.063
2013-11-01,   -0.541
2013-12-01,   -0.361
2014-01-01,   -0.568
2014-02-01,   -0.565
2014-03-01,   -0.573
2014-04-01,   -0.748
2014-05-01,   -0.531
2014-06-01,   -0.327
2014-07-01,   -0.404
2014-08-01,   -0.582
2014-09-01,   -0.819
2014-10-01,   -1.107
2014-11-01,   -1.380
2014-12-01,   -1.553
2015-01-01,   -1.723
2015-02-01,   -1.789
2015-03-01,   -1.578
2015-04-01,   -1.221
2015-05-01,   -0.703
2015-06-01,   -0.357
2015-07-01,   -0.031
2015-08-01,    0.066
2015-09-01,   -0.062
2015-10-01,   -0.166
2015-11-01,   -0.244
2015-12-01,   -0.506
2016-01-01,   -0.807
2016-02-01,   -1.004
2016-03-01,   -1.125
2016-04-01,   -1.217
2016-05-01,   -1.244
2016-06-01,   -1.086
2016-07-01,   -0.774
2016-08-01,   -0.490
2016-09-01,   -0.232
2016-10-01,    0.109
2016-11-01,    0.321
2016-12-01,    0.599
2017-01-01,    0.904
2017-02-01,    0.862
2017-03-01,    0.681
2017-04-01,    0.324
2017-05-01,   -0.325
2017-06-01,   -1.122
2017-07-01,   -1.598
2017-08-01,   -1.870
2017-09-01,   -1.975
2017-10-01,   -1.847
2017-11-01,   -1.663
2017-12-01,   -1.203
2018-01-01,   -1.179
2018-02-01,   -1.171
2018-03-01,   -1.204
2018-04-01,   -1.373
2018-05-01,   -1.688
2018-06-01,   -1.809
2018-07-01,   -1.845
2018-08-01,   -1.898
2018-09-01,   -1.715
2018-10-01,   -1.562
2018-11-01,   -1.146
2018-12-01,   -0.858
2019-01-01,   -0.896
2019-02-01,   -0.875
2019-03-01,   -0.978
2019-04-01,   -1.412
2019-05-01,   -1.885
2019-06-01,   -1.936
2019-07-01,   -2.309
2019-08-01,   -2.674
2019-09-01,   -2.594
2019-10-01,   -2.413
2019-11-01,   -2.404
2019-12-01,   -2.171
2020-01-01,   -2.005
2020-02-01,   -1.880
2020-03-01,   -1.700
2020-04-01,   -1.606
2020-05-01,   -1.790
2020-06-01,   -1.532
2020-07-01,   -1.511
2020-08-01,   -1.370
2020-09-01,   -1.095
2020-10-01,   -0.479
2020-11-01,   -0.052
2020-12-01,    0.379
2021-01-01,    0.478
2021-02-01,    0.367
2021-03-01,    0.083
2021-04-01,   -0.271
2021-05-01,   -0.569
2021-06-01,   -0.713
2021-07-01,   -0.636
2021-08-01,   -0.486
2021-09-01,   -0.459
2021-10-01,   -0.385
2021-11-01,   -0.443
2021-12-01,   -0.545
2022-01-01,   -0.475
2022-02-01,   -0.423
2022-03-01,   -0.397
2022-04-01,   -0.346
2022-05-01,   -0.185
2022-06-01,   -0.076
2022-07-01,   -0.014
2022-08-01,   -0.046
2022-09-01,    0.016
2022-10-01,    0.138
2022-11-01,    0.120
2022-12-01,    0.320
2023-01-01,    0.663
2023-02-01,    1.237
2023-03-01,    1.404
2023-04-01,    1.502
2023-05-01,    1.484
2023-06-01,    1.312
2023-07-01,    0.677
2023-08-01,    0.362
2023-09-01,    0.041
2023-10-01,   -0.282
2023-11-01,   -0.704
2023-12-01,   -0.801
2024-01-01,   -1.228
2024-02-01,   -1.568
2024-03-01,   -1.882
2024-04-01,   -2.089
2024-05-01,   -2.368
2024-06-01,   -2.369
2024-07-01,   -2.354
2024-08-01,   -2.178
2024-09-01,   -1.843
2024-10-01,   -1.324
2024-11-01,   -0.792
2024-12-01,   -0.126
2025-01-01,    0.393
2025-02-01,    0.598
2025-03-01,    0.553
2025-04-01,    0.425
2025-05-01,    0.086
2025-06-01,   -0.308
2025-07-01,   -0.504
2025-08-01,   -0.514
2025-09-01,   -0.440
2025-10-01,   -0.468
2025-11-01,-9999.000
2025-12-01,-9999.000
